external_key,name,amount,active
IMPORT-0001,Import Item 0001,1,false
IMPORT-0002,Import Item 0002,2,true
IMPORT-0003,Import Item 0003,3,false
IMPORT-0004,Import Item 0004,4,true
IMPORT-0005,Import Item 0005,5,false
IMPORT-0006,Import Item 0006,6,true
IMPORT-0007,Import Item 0007,7,false
IMPORT-0008,Import Item 0008,8,true
IMPORT-0009,Import Item 0009,9,false
IMPORT-0010,Import Item 0010,10,true
IMPORT-0011,Import Item 0011,11,false
IMPORT-0012,Import Item 0012,12,true
IMPORT-0013,Import Item 0013,13,false
IMPORT-0014,Import Item 0014,14,true
IMPORT-0015,Import Item 0015,15,false
IMPORT-0016,Import Item 0016,16,true
IMPORT-0017,Import Item 0017,17,false
IMPORT-0018,Import Item 0018,18,true
IMPORT-0019,Import Item 0019,19,false
IMPORT-0020,Import Item 0020,20,true
IMPORT-0021,Import Item 0021,21,false
IMPORT-0022,Import Item 0022,22,true
IMPORT-0023,Import Item 0023,23,false
IMPORT-0024,Import Item 0024,24,true
IMPORT-0025,Import Item 0025,25,false
IMPORT-0026,Import Item 0026,26,true
IMPORT-0027,Import Item 0027,27,false
IMPORT-0028,Import Item 0028,28,true
IMPORT-0029,Import Item 0029,29,false
IMPORT-0030,Import Item 0030,30,true
IMPORT-0031,Import Item 0031,31,false
IMPORT-0032,Import Item 0032,32,true
IMPORT-0033,Import Item 0033,33,false
IMPORT-0034,Import Item 0034,34,true
IMPORT-0035,Import Item 0035,35,false
IMPORT-0036,Import Item 0036,36,true
IMPORT-0037,Import Item 0037,37,false
IMPORT-0038,Import Item 0038,38,true
IMPORT-0039,Import Item 0039,39,false
IMPORT-0040,Import Item 0040,40,true
IMPORT-0041,Import Item 0041,41,false
IMPORT-0042,Import Item 0042,42,true
IMPORT-0043,Import Item 0043,43,false
IMPORT-0044,Import Item 0044,44,true
IMPORT-0045,Import Item 0045,45,false
IMPORT-0046,Import Item 0046,46,true
IMPORT-0047,Import Item 0047,47,false
IMPORT-0048,Import Item 0048,48,true
IMPORT-0049,Import Item 0049,49,false
IMPORT-0050,Import Item 0050,50,true
IMPORT-0051,Import Item 0051,51,false
IMPORT-0052,Import Item 0052,52,true
IMPORT-0053,Import Item 0053,53,false
IMPORT-0054,Import Item 0054,54,true
IMPORT-0055,Import Item 0055,55,false
IMPORT-0056,Import Item 0056,56,true
IMPORT-0057,Import Item 0057,57,false
IMPORT-0058,Import Item 0058,58,true
IMPORT-0059,Import Item 0059,59,false
IMPORT-0060,Import Item 0060,60,true
IMPORT-0061,Import Item 0061,61,false
IMPORT-0062,Import Item 0062,62,true
IMPORT-0063,Import Item 0063,63,false
IMPORT-0064,Import Item 0064,64,true
IMPORT-0065,Import Item 0065,65,false
IMPORT-0066,Import Item 0066,66,true
IMPORT-0067,Import Item 0067,67,false
IMPORT-0068,Import Item 0068,68,true
IMPORT-0069,Import Item 0069,69,false
IMPORT-0070,Import Item 0070,70,true
IMPORT-0071,Import Item 0071,71,false
IMPORT-0072,Import Item 0072,72,true
IMPORT-0073,Import Item 0073,73,false
IMPORT-0074,Import Item 0074,74,true
IMPORT-0075,Import Item 0075,75,false
IMPORT-0076,Import Item 0076,76,true
IMPORT-0077,Import Item 0077,77,false
IMPORT-0078,Import Item 0078,78,true
IMPORT-0079,Import Item 0079,79,false
IMPORT-0080,Import Item 0080,80,true
IMPORT-0081,Import Item 0081,81,false
IMPORT-0082,Import Item 0082,82,true
IMPORT-0083,Import Item 0083,83,false
IMPORT-0084,Import Item 0084,84,true
IMPORT-0085,Import Item 0085,85,false
IMPORT-0086,Import Item 0086,86,true
IMPORT-0087,Import Item 0087,87,false
IMPORT-0088,Import Item 0088,88,true
IMPORT-0089,Import Item 0089,89,false
IMPORT-0090,Import Item 0090,90,true
IMPORT-0091,Import Item 0091,91,false
IMPORT-0092,Import Item 0092,92,true
IMPORT-0093,Import Item 0093,93,false
IMPORT-0094,Import Item 0094,94,true
IMPORT-0095,Import Item 0095,95,false
IMPORT-0096,Import Item 0096,96,true
IMPORT-0097,Import Item 0097,97,false
IMPORT-0098,Import Item 0098,98,true
IMPORT-0099,Import Item 0099,99,false
IMPORT-0100,Import Item 0100,100,true
IMPORT-0101,Import Item 0101,101,false
IMPORT-0102,Import Item 0102,102,true
IMPORT-0103,Import Item 0103,103,false
IMPORT-0104,Import Item 0104,104,true
IMPORT-0105,Import Item 0105,105,false
IMPORT-0106,Import Item 0106,106,true
IMPORT-0107,Import Item 0107,107,false
IMPORT-0108,Import Item 0108,108,true
IMPORT-0109,Import Item 0109,109,false
IMPORT-0110,Import Item 0110,110,true
IMPORT-0111,Import Item 0111,111,false
IMPORT-0112,Import Item 0112,112,true
IMPORT-0113,Import Item 0113,113,false
IMPORT-0114,Import Item 0114,114,true
IMPORT-0115,Import Item 0115,115,false
IMPORT-0116,Import Item 0116,116,true
IMPORT-0117,Import Item 0117,117,false
IMPORT-0118,Import Item 0118,118,true
IMPORT-0119,Import Item 0119,119,false
IMPORT-0120,Import Item 0120,120,true
IMPORT-0121,Import Item 0121,121,false
IMPORT-0122,Import Item 0122,122,true
IMPORT-0123,Import Item 0123,123,false
IMPORT-0124,Import Item 0124,124,true
IMPORT-0125,Import Item 0125,125,false
IMPORT-0126,Import Item 0126,126,true
IMPORT-0127,Import Item 0127,127,false
IMPORT-0128,Import Item 0128,128,true
IMPORT-0129,Import Item 0129,129,false
IMPORT-0130,Import Item 0130,130,true
IMPORT-0131,Import Item 0131,131,false
IMPORT-0132,Import Item 0132,132,true
IMPORT-0133,Import Item 0133,133,false
IMPORT-0134,Import Item 0134,134,true
IMPORT-0135,Import Item 0135,135,false
IMPORT-0136,Import Item 0136,136,true
IMPORT-0137,Import Item 0137,137,false
IMPORT-0138,Import Item 0138,138,true
IMPORT-0139,Import Item 0139,139,false
IMPORT-0140,Import Item 0140,140,true
IMPORT-0141,Import Item 0141,141,false
IMPORT-0142,Import Item 0142,142,true
IMPORT-0143,Import Item 0143,143,false
IMPORT-0144,Import Item 0144,144,true
IMPORT-0145,Import Item 0145,145,false
IMPORT-0146,Import Item 0146,146,true
IMPORT-0147,Import Item 0147,147,false
IMPORT-0148,Import Item 0148,148,true
IMPORT-0149,Import Item 0149,149,false
IMPORT-0150,Import Item 0150,150,true
IMPORT-0151,Import Item 0151,151,false
IMPORT-0152,Import Item 0152,152,true
IMPORT-0153,Import Item 0153,153,false
IMPORT-0154,Import Item 0154,154,true
IMPORT-0155,Import Item 0155,155,false
IMPORT-0156,Import Item 0156,156,true
IMPORT-0157,Import Item 0157,157,false
IMPORT-0158,Import Item 0158,158,true
IMPORT-0159,Import Item 0159,159,false
IMPORT-0160,Import Item 0160,160,true
IMPORT-0161,Import Item 0161,161,false
IMPORT-0162,Import Item 0162,162,true
IMPORT-0163,Import Item 0163,163,false
IMPORT-0164,Import Item 0164,164,true
IMPORT-0165,Import Item 0165,165,false
IMPORT-0166,Import Item 0166,166,true
IMPORT-0167,Import Item 0167,167,false
IMPORT-0168,Import Item 0168,168,true
IMPORT-0169,Import Item 0169,169,false
IMPORT-0170,Import Item 0170,170,true
IMPORT-0171,Import Item 0171,171,false
IMPORT-0172,Import Item 0172,172,true
IMPORT-0173,Import Item 0173,173,false
IMPORT-0174,Import Item 0174,174,true
IMPORT-0175,Import Item 0175,175,false
IMPORT-0176,Import Item 0176,176,true
IMPORT-0177,Import Item 0177,177,false
IMPORT-0178,Import Item 0178,178,true
IMPORT-0179,Import Item 0179,179,false
IMPORT-0180,Import Item 0180,180,true
IMPORT-0181,Import Item 0181,181,false
IMPORT-0182,Import Item 0182,182,true
IMPORT-0183,Import Item 0183,183,false
IMPORT-0184,Import Item 0184,184,true
IMPORT-0185,Import Item 0185,185,false
IMPORT-0186,Import Item 0186,186,true
IMPORT-0187,Import Item 0187,187,false
IMPORT-0188,Import Item 0188,188,true
IMPORT-0189,Import Item 0189,189,false
IMPORT-0190,Import Item 0190,190,true
IMPORT-0191,Import Item 0191,191,false
IMPORT-0192,Import Item 0192,192,true
IMPORT-0193,Import Item 0193,193,false
IMPORT-0194,Import Item 0194,194,true
IMPORT-0195,Import Item 0195,195,false
IMPORT-0196,Import Item 0196,196,true
IMPORT-0197,Import Item 0197,197,false
IMPORT-0198,Import Item 0198,198,true
IMPORT-0199,Import Item 0199,199,false
IMPORT-0200,Import Item 0200,200,true
IMPORT-0201,Import Item 0201,201,false
IMPORT-0202,Import Item 0202,202,true
IMPORT-0203,Import Item 0203,203,false
IMPORT-0204,Import Item 0204,204,true
IMPORT-0205,Import Item 0205,205,false
IMPORT-0206,Import Item 0206,206,true
IMPORT-0207,Import Item 0207,207,false
IMPORT-0208,Import Item 0208,208,true
IMPORT-0209,Import Item 0209,209,false
IMPORT-0210,Import Item 0210,210,true
IMPORT-0211,Import Item 0211,211,false
IMPORT-0212,Import Item 0212,212,true
IMPORT-0213,Import Item 0213,213,false
IMPORT-0214,Import Item 0214,214,true
IMPORT-0215,Import Item 0215,215,false
IMPORT-0216,Import Item 0216,216,true
IMPORT-0217,Import Item 0217,217,false
IMPORT-0218,Import Item 0218,218,true
IMPORT-0219,Import Item 0219,219,false
IMPORT-0220,Import Item 0220,220,true
IMPORT-0221,Import Item 0221,221,false
IMPORT-0222,Import Item 0222,222,true
IMPORT-0223,Import Item 0223,223,false
IMPORT-0224,Import Item 0224,224,true
IMPORT-0225,Import Item 0225,225,false
IMPORT-0226,Import Item 0226,226,true
IMPORT-0227,Import Item 0227,227,false
IMPORT-0228,Import Item 0228,228,true
IMPORT-0229,Import Item 0229,229,false
IMPORT-0230,Import Item 0230,230,true
IMPORT-0231,Import Item 0231,231,false
IMPORT-0232,Import Item 0232,232,true
IMPORT-0233,Import Item 0233,233,false
IMPORT-0234,Import Item 0234,234,true
IMPORT-0235,Import Item 0235,235,false
IMPORT-0236,Import Item 0236,236,true
IMPORT-0237,Import Item 0237,237,false
IMPORT-0238,Import Item 0238,238,true
IMPORT-0239,Import Item 0239,239,false
IMPORT-0240,Import Item 0240,240,true
IMPORT-0241,Import Item 0241,241,false
IMPORT-0242,Import Item 0242,242,true
IMPORT-0243,Import Item 0243,243,false
IMPORT-0244,Import Item 0244,244,true
IMPORT-0245,Import Item 0245,245,false
IMPORT-0246,Import Item 0246,246,true
IMPORT-0247,Import Item 0247,247,false
IMPORT-0248,Import Item 0248,248,true
IMPORT-0249,Import Item 0249,249,false
IMPORT-0250,Import Item 0250,250,true
IMPORT-0251,Import Item 0251,251,false
IMPORT-0252,Import Item 0252,252,true
IMPORT-0253,Import Item 0253,253,false
IMPORT-0254,Import Item 0254,254,true
IMPORT-0255,Import Item 0255,255,false
IMPORT-0256,Import Item 0256,256,true
IMPORT-0257,Import Item 0257,257,false
IMPORT-0258,Import Item 0258,258,true
IMPORT-0259,Import Item 0259,259,false
IMPORT-0260,Import Item 0260,260,true
IMPORT-0261,Import Item 0261,261,false
IMPORT-0262,Import Item 0262,262,true
IMPORT-0263,Import Item 0263,263,false
IMPORT-0264,Import Item 0264,264,true
IMPORT-0265,Import Item 0265,265,false
IMPORT-0266,Import Item 0266,266,true
IMPORT-0267,Import Item 0267,267,false
IMPORT-0268,Import Item 0268,268,true
IMPORT-0269,Import Item 0269,269,false
IMPORT-0270,Import Item 0270,270,true
IMPORT-0271,Import Item 0271,271,false
IMPORT-0272,Import Item 0272,272,true
IMPORT-0273,Import Item 0273,273,false
IMPORT-0274,Import Item 0274,274,true
IMPORT-0275,Import Item 0275,275,false
IMPORT-0276,Import Item 0276,276,true
IMPORT-0277,Import Item 0277,277,false
IMPORT-0278,Import Item 0278,278,true
IMPORT-0279,Import Item 0279,279,false
IMPORT-0280,Import Item 0280,280,true
IMPORT-0281,Import Item 0281,281,false
IMPORT-0282,Import Item 0282,282,true
IMPORT-0283,Import Item 0283,283,false
IMPORT-0284,Import Item 0284,284,true
IMPORT-0285,Import Item 0285,285,false
IMPORT-0286,Import Item 0286,286,true
IMPORT-0287,Import Item 0287,287,false
IMPORT-0288,Import Item 0288,288,true
IMPORT-0289,Import Item 0289,289,false
IMPORT-0290,Import Item 0290,290,true
IMPORT-0291,Import Item 0291,291,false
IMPORT-0292,Import Item 0292,292,true
IMPORT-0293,Import Item 0293,293,false
IMPORT-0294,Import Item 0294,294,true
IMPORT-0295,Import Item 0295,295,false
IMPORT-0296,Import Item 0296,296,true
IMPORT-0297,Import Item 0297,297,false
IMPORT-0298,Import Item 0298,298,true
IMPORT-0299,Import Item 0299,299,false
IMPORT-0300,Import Item 0300,300,true
IMPORT-0301,Import Item 0301,301,false
IMPORT-0302,Import Item 0302,302,true
IMPORT-0303,Import Item 0303,303,false
IMPORT-0304,Import Item 0304,304,true
IMPORT-0305,Import Item 0305,305,false
IMPORT-0306,Import Item 0306,306,true
IMPORT-0307,Import Item 0307,307,false
IMPORT-0308,Import Item 0308,308,true
IMPORT-0309,Import Item 0309,309,false
IMPORT-0310,Import Item 0310,310,true
IMPORT-0311,Import Item 0311,311,false
IMPORT-0312,Import Item 0312,312,true
IMPORT-0313,Import Item 0313,313,false
IMPORT-0314,Import Item 0314,314,true
IMPORT-0315,Import Item 0315,315,false
IMPORT-0316,Import Item 0316,316,true
IMPORT-0317,Import Item 0317,317,false
IMPORT-0318,Import Item 0318,318,true
IMPORT-0319,Import Item 0319,319,false
IMPORT-0320,Import Item 0320,320,true
IMPORT-0321,Import Item 0321,321,false
IMPORT-0322,Import Item 0322,322,true
IMPORT-0323,Import Item 0323,323,false
IMPORT-0324,Import Item 0324,324,true
IMPORT-0325,Import Item 0325,325,false
IMPORT-0326,Import Item 0326,326,true
IMPORT-0327,Import Item 0327,327,false
IMPORT-0328,Import Item 0328,328,true
IMPORT-0329,Import Item 0329,329,false
IMPORT-0330,Import Item 0330,330,true
IMPORT-0331,Import Item 0331,331,false
IMPORT-0332,Import Item 0332,332,true
IMPORT-0333,Import Item 0333,333,false
IMPORT-0334,Import Item 0334,334,true
IMPORT-0335,Import Item 0335,335,false
IMPORT-0336,Import Item 0336,336,true
IMPORT-0337,Import Item 0337,337,false
IMPORT-0338,Import Item 0338,338,true
IMPORT-0339,Import Item 0339,339,false
IMPORT-0340,Import Item 0340,340,true
IMPORT-0341,Import Item 0341,341,false
IMPORT-0342,Import Item 0342,342,true
IMPORT-0343,Import Item 0343,343,false
IMPORT-0344,Import Item 0344,344,true
IMPORT-0345,Import Item 0345,345,false
IMPORT-0346,Import Item 0346,346,true
IMPORT-0347,Import Item 0347,347,false
IMPORT-0348,Import Item 0348,348,true
IMPORT-0349,Import Item 0349,349,false
IMPORT-0350,Import Item 0350,350,true
IMPORT-0351,Import Item 0351,351,false
IMPORT-0352,Import Item 0352,352,true
IMPORT-0353,Import Item 0353,353,false
IMPORT-0354,Import Item 0354,354,true
IMPORT-0355,Import Item 0355,355,false
IMPORT-0356,Import Item 0356,356,true
IMPORT-0357,Import Item 0357,357,false
IMPORT-0358,Import Item 0358,358,true
IMPORT-0359,Import Item 0359,359,false
IMPORT-0360,Import Item 0360,360,true
IMPORT-0361,Import Item 0361,361,false
IMPORT-0362,Import Item 0362,362,true
IMPORT-0363,Import Item 0363,363,false
IMPORT-0364,Import Item 0364,364,true
IMPORT-0365,Import Item 0365,365,false
IMPORT-0366,Import Item 0366,366,true
IMPORT-0367,Import Item 0367,367,false
IMPORT-0368,Import Item 0368,368,true
IMPORT-0369,Import Item 0369,369,false
IMPORT-0370,Import Item 0370,370,true
IMPORT-0371,Import Item 0371,371,false
IMPORT-0372,Import Item 0372,372,true
IMPORT-0373,Import Item 0373,373,false
IMPORT-0374,Import Item 0374,374,true
IMPORT-0375,Import Item 0375,375,false
IMPORT-0376,Import Item 0376,376,true
IMPORT-0377,Import Item 0377,377,false
IMPORT-0378,Import Item 0378,378,true
IMPORT-0379,Import Item 0379,379,false
IMPORT-0380,Import Item 0380,380,true
IMPORT-0381,Import Item 0381,381,false
IMPORT-0382,Import Item 0382,382,true
IMPORT-0383,Import Item 0383,383,false
IMPORT-0384,Import Item 0384,384,true
IMPORT-0385,Import Item 0385,385,false
IMPORT-0386,Import Item 0386,386,true
IMPORT-0387,Import Item 0387,387,false
IMPORT-0388,Import Item 0388,388,true
IMPORT-0389,Import Item 0389,389,false
IMPORT-0390,Import Item 0390,390,true
IMPORT-0391,Import Item 0391,391,false
IMPORT-0392,Import Item 0392,392,true
IMPORT-0393,Import Item 0393,393,false
IMPORT-0394,Import Item 0394,394,true
IMPORT-0395,Import Item 0395,395,false
IMPORT-0396,Import Item 0396,396,true
IMPORT-0397,Import Item 0397,397,false
IMPORT-0398,Import Item 0398,398,true
IMPORT-0399,Import Item 0399,399,false
IMPORT-0400,Import Item 0400,400,true
IMPORT-0401,Import Item 0401,401,false
IMPORT-0402,Import Item 0402,402,true
IMPORT-0403,Import Item 0403,403,false
IMPORT-0404,Import Item 0404,404,true
IMPORT-0405,Import Item 0405,405,false
IMPORT-0406,Import Item 0406,406,true
IMPORT-0407,Import Item 0407,407,false
IMPORT-0408,Import Item 0408,408,true
IMPORT-0409,Import Item 0409,409,false
IMPORT-0410,Import Item 0410,410,true
IMPORT-0411,Import Item 0411,411,false
IMPORT-0412,Import Item 0412,412,true
IMPORT-0413,Import Item 0413,413,false
IMPORT-0414,Import Item 0414,414,true
IMPORT-0415,Import Item 0415,415,false
IMPORT-0416,Import Item 0416,416,true
IMPORT-0417,Import Item 0417,417,false
IMPORT-0418,Import Item 0418,418,true
IMPORT-0419,Import Item 0419,419,false
IMPORT-0420,Import Item 0420,420,true
IMPORT-0421,Import Item 0421,421,false
IMPORT-0422,Import Item 0422,422,true
IMPORT-0423,Import Item 0423,423,false
IMPORT-0424,Import Item 0424,424,true
IMPORT-0425,Import Item 0425,425,false
IMPORT-0426,Import Item 0426,426,true
IMPORT-0427,Import Item 0427,427,false
IMPORT-0428,Import Item 0428,428,true
IMPORT-0429,Import Item 0429,429,false
IMPORT-0430,Import Item 0430,430,true
IMPORT-0431,Import Item 0431,431,false
IMPORT-0432,Import Item 0432,432,true
IMPORT-0433,Import Item 0433,433,false
IMPORT-0434,Import Item 0434,434,true
IMPORT-0435,Import Item 0435,435,false
IMPORT-0436,Import Item 0436,436,true
IMPORT-0437,Import Item 0437,437,false
IMPORT-0438,Import Item 0438,438,true
IMPORT-0439,Import Item 0439,439,false
IMPORT-0440,Import Item 0440,440,true
IMPORT-0441,Import Item 0441,441,false
IMPORT-0442,Import Item 0442,442,true
IMPORT-0443,Import Item 0443,443,false
IMPORT-0444,Import Item 0444,444,true
IMPORT-0445,Import Item 0445,445,false
IMPORT-0446,Import Item 0446,446,true
IMPORT-0447,Import Item 0447,447,false
IMPORT-0448,Import Item 0448,448,true
IMPORT-0449,Import Item 0449,449,false
IMPORT-0450,Import Item 0450,450,true
IMPORT-0451,Import Item 0451,451,false
IMPORT-0452,Import Item 0452,452,true
IMPORT-0453,Import Item 0453,453,false
IMPORT-0454,Import Item 0454,454,true
IMPORT-0455,Import Item 0455,455,false
IMPORT-0456,Import Item 0456,456,true
IMPORT-0457,Import Item 0457,457,false
IMPORT-0458,Import Item 0458,458,true
IMPORT-0459,Import Item 0459,459,false
IMPORT-0460,Import Item 0460,460,true
IMPORT-0461,Import Item 0461,461,false
IMPORT-0462,Import Item 0462,462,true
IMPORT-0463,Import Item 0463,463,false
IMPORT-0464,Import Item 0464,464,true
IMPORT-0465,Import Item 0465,465,false
IMPORT-0466,Import Item 0466,466,true
IMPORT-0467,Import Item 0467,467,false
IMPORT-0468,Import Item 0468,468,true
IMPORT-0469,Import Item 0469,469,false
IMPORT-0470,Import Item 0470,470,true
IMPORT-0471,Import Item 0471,471,false
IMPORT-0472,Import Item 0472,472,true
IMPORT-0473,Import Item 0473,473,false
IMPORT-0474,Import Item 0474,474,true
IMPORT-0475,Import Item 0475,475,false
IMPORT-0476,Import Item 0476,476,true
IMPORT-0477,Import Item 0477,477,false
IMPORT-0478,Import Item 0478,478,true
IMPORT-0479,Import Item 0479,479,false
IMPORT-0480,Import Item 0480,480,true
IMPORT-0481,Import Item 0481,481,false
IMPORT-0482,Import Item 0482,482,true
IMPORT-0483,Import Item 0483,483,false
IMPORT-0484,Import Item 0484,484,true
IMPORT-0485,Import Item 0485,485,false
IMPORT-0486,Import Item 0486,486,true
IMPORT-0487,Import Item 0487,487,false
IMPORT-0488,Import Item 0488,488,true
IMPORT-0489,Import Item 0489,489,false
IMPORT-0490,Import Item 0490,490,true
IMPORT-0491,Import Item 0491,491,false
IMPORT-0492,Import Item 0492,492,true
IMPORT-0493,Import Item 0493,493,false
IMPORT-0494,Import Item 0494,494,true
IMPORT-0495,Import Item 0495,495,false
IMPORT-0496,Import Item 0496,496,true
IMPORT-0497,Import Item 0497,497,false
IMPORT-0498,Import Item 0498,498,true
IMPORT-0499,Import Item 0499,499,false
IMPORT-0500,Import Item 0500,500,true
IMPORT-0501,Import Item 0501,501,false
IMPORT-0502,Import Item 0502,502,true
IMPORT-0503,Import Item 0503,503,false
IMPORT-0504,Import Item 0504,504,true
IMPORT-0505,Import Item 0505,505,false
IMPORT-0506,Import Item 0506,506,true
IMPORT-0507,Import Item 0507,507,false
IMPORT-0508,Import Item 0508,508,true
IMPORT-0509,Import Item 0509,509,false
IMPORT-0510,Import Item 0510,510,true
IMPORT-0511,Import Item 0511,511,false
IMPORT-0512,Import Item 0512,512,true
IMPORT-0513,Import Item 0513,513,false
IMPORT-0514,Import Item 0514,514,true
IMPORT-0515,Import Item 0515,515,false
IMPORT-0516,Import Item 0516,516,true
IMPORT-0517,Import Item 0517,517,false
IMPORT-0518,Import Item 0518,518,true
IMPORT-0519,Import Item 0519,519,false
IMPORT-0520,Import Item 0520,520,true
IMPORT-0521,Import Item 0521,521,false
IMPORT-0522,Import Item 0522,522,true
IMPORT-0523,Import Item 0523,523,false
IMPORT-0524,Import Item 0524,524,true
IMPORT-0525,Import Item 0525,525,false
IMPORT-0526,Import Item 0526,526,true
IMPORT-0527,Import Item 0527,527,false
IMPORT-0528,Import Item 0528,528,true
IMPORT-0529,Import Item 0529,529,false
IMPORT-0530,Import Item 0530,530,true
IMPORT-0531,Import Item 0531,531,false
IMPORT-0532,Import Item 0532,532,true
IMPORT-0533,Import Item 0533,533,false
IMPORT-0534,Import Item 0534,534,true
IMPORT-0535,Import Item 0535,535,false
IMPORT-0536,Import Item 0536,536,true
IMPORT-0537,Import Item 0537,537,false
IMPORT-0538,Import Item 0538,538,true
IMPORT-0539,Import Item 0539,539,false
IMPORT-0540,Import Item 0540,540,true
IMPORT-0541,Import Item 0541,541,false
IMPORT-0542,Import Item 0542,542,true
IMPORT-0543,Import Item 0543,543,false
IMPORT-0544,Import Item 0544,544,true
IMPORT-0545,Import Item 0545,545,false
IMPORT-0546,Import Item 0546,546,true
IMPORT-0547,Import Item 0547,547,false
IMPORT-0548,Import Item 0548,548,true
IMPORT-0549,Import Item 0549,549,false
IMPORT-0550,Import Item 0550,550,true
IMPORT-0551,Import Item 0551,551,false
IMPORT-0552,Import Item 0552,552,true
IMPORT-0553,Import Item 0553,553,false
IMPORT-0554,Import Item 0554,554,true
IMPORT-0555,Import Item 0555,555,false
IMPORT-0556,Import Item 0556,556,true
IMPORT-0557,Import Item 0557,557,false
IMPORT-0558,Import Item 0558,558,true
IMPORT-0559,Import Item 0559,559,false
IMPORT-0560,Import Item 0560,560,true
IMPORT-0561,Import Item 0561,561,false
IMPORT-0562,Import Item 0562,562,true
IMPORT-0563,Import Item 0563,563,false
IMPORT-0564,Import Item 0564,564,true
IMPORT-0565,Import Item 0565,565,false
IMPORT-0566,Import Item 0566,566,true
IMPORT-0567,Import Item 0567,567,false
IMPORT-0568,Import Item 0568,568,true
IMPORT-0569,Import Item 0569,569,false
IMPORT-0570,Import Item 0570,570,true
IMPORT-0571,Import Item 0571,571,false
IMPORT-0572,Import Item 0572,572,true
IMPORT-0573,Import Item 0573,573,false
IMPORT-0574,Import Item 0574,574,true
IMPORT-0575,Import Item 0575,575,false
IMPORT-0576,Import Item 0576,576,true
IMPORT-0577,Import Item 0577,577,false
IMPORT-0578,Import Item 0578,578,true
IMPORT-0579,Import Item 0579,579,false
IMPORT-0580,Import Item 0580,580,true
IMPORT-0581,Import Item 0581,581,false
IMPORT-0582,Import Item 0582,582,true
IMPORT-0583,Import Item 0583,583,false
IMPORT-0584,Import Item 0584,584,true
IMPORT-0585,Import Item 0585,585,false
IMPORT-0586,Import Item 0586,586,true
IMPORT-0587,Import Item 0587,587,false
IMPORT-0588,Import Item 0588,588,true
IMPORT-0589,Import Item 0589,589,false
IMPORT-0590,Import Item 0590,590,true
IMPORT-0591,Import Item 0591,591,false
IMPORT-0592,Import Item 0592,592,true
IMPORT-0593,Import Item 0593,593,false
IMPORT-0594,Import Item 0594,594,true
IMPORT-0595,Import Item 0595,595,false
IMPORT-0596,Import Item 0596,596,true
IMPORT-0597,Import Item 0597,597,false
IMPORT-0598,Import Item 0598,598,true
IMPORT-0599,Import Item 0599,599,false
IMPORT-0600,Import Item 0600,600,true
IMPORT-0601,Import Item 0601,601,false
IMPORT-0602,Import Item 0602,602,true
IMPORT-0603,Import Item 0603,603,false
IMPORT-0604,Import Item 0604,604,true
IMPORT-0605,Import Item 0605,605,false
IMPORT-0606,Import Item 0606,606,true
IMPORT-0607,Import Item 0607,607,false
IMPORT-0608,Import Item 0608,608,true
IMPORT-0609,Import Item 0609,609,false
IMPORT-0610,Import Item 0610,610,true
IMPORT-0611,Import Item 0611,611,false
IMPORT-0612,Import Item 0612,612,true
IMPORT-0613,Import Item 0613,613,false
IMPORT-0614,Import Item 0614,614,true
IMPORT-0615,Import Item 0615,615,false
IMPORT-0616,Import Item 0616,616,true
IMPORT-0617,Import Item 0617,617,false
IMPORT-0618,Import Item 0618,618,true
IMPORT-0619,Import Item 0619,619,false
IMPORT-0620,Import Item 0620,620,true
IMPORT-0621,Import Item 0621,621,false
IMPORT-0622,Import Item 0622,622,true
IMPORT-0623,Import Item 0623,623,false
IMPORT-0624,Import Item 0624,624,true
IMPORT-0625,Import Item 0625,625,false
IMPORT-0626,Import Item 0626,626,true
IMPORT-0627,Import Item 0627,627,false
IMPORT-0628,Import Item 0628,628,true
IMPORT-0629,Import Item 0629,629,false
IMPORT-0630,Import Item 0630,630,true
IMPORT-0631,Import Item 0631,631,false
IMPORT-0632,Import Item 0632,632,true
IMPORT-0633,Import Item 0633,633,false
IMPORT-0634,Import Item 0634,634,true
IMPORT-0635,Import Item 0635,635,false
IMPORT-0636,Import Item 0636,636,true
IMPORT-0637,Import Item 0637,637,false
IMPORT-0638,Import Item 0638,638,true
IMPORT-0639,Import Item 0639,639,false
IMPORT-0640,Import Item 0640,640,true
IMPORT-0641,Import Item 0641,641,false
IMPORT-0642,Import Item 0642,642,true
IMPORT-0643,Import Item 0643,643,false
IMPORT-0644,Import Item 0644,644,true
IMPORT-0645,Import Item 0645,645,false
IMPORT-0646,Import Item 0646,646,true
IMPORT-0647,Import Item 0647,647,false
IMPORT-0648,Import Item 0648,648,true
IMPORT-0649,Import Item 0649,649,false
IMPORT-0650,Import Item 0650,650,true
IMPORT-0651,Import Item 0651,651,false
IMPORT-0652,Import Item 0652,652,true
IMPORT-0653,Import Item 0653,653,false
IMPORT-0654,Import Item 0654,654,true
IMPORT-0655,Import Item 0655,655,false
IMPORT-0656,Import Item 0656,656,true
IMPORT-0657,Import Item 0657,657,false
IMPORT-0658,Import Item 0658,658,true
IMPORT-0659,Import Item 0659,659,false
IMPORT-0660,Import Item 0660,660,true
IMPORT-0661,Import Item 0661,661,false
IMPORT-0662,Import Item 0662,662,true
IMPORT-0663,Import Item 0663,663,false
IMPORT-0664,Import Item 0664,664,true
IMPORT-0665,Import Item 0665,665,false
IMPORT-0666,Import Item 0666,666,true
IMPORT-0667,Import Item 0667,667,false
IMPORT-0668,Import Item 0668,668,true
IMPORT-0669,Import Item 0669,669,false
IMPORT-0670,Import Item 0670,670,true
IMPORT-0671,Import Item 0671,671,false
IMPORT-0672,Import Item 0672,672,true
IMPORT-0673,Import Item 0673,673,false
IMPORT-0674,Import Item 0674,674,true
IMPORT-0675,Import Item 0675,675,false
IMPORT-0676,Import Item 0676,676,true
IMPORT-0677,Import Item 0677,677,false
IMPORT-0678,Import Item 0678,678,true
IMPORT-0679,Import Item 0679,679,false
IMPORT-0680,Import Item 0680,680,true
IMPORT-0681,Import Item 0681,681,false
IMPORT-0682,Import Item 0682,682,true
IMPORT-0683,Import Item 0683,683,false
IMPORT-0684,Import Item 0684,684,true
IMPORT-0685,Import Item 0685,685,false
IMPORT-0686,Import Item 0686,686,true
IMPORT-0687,Import Item 0687,687,false
IMPORT-0688,Import Item 0688,688,true
IMPORT-0689,Import Item 0689,689,false
IMPORT-0690,Import Item 0690,690,true
IMPORT-0691,Import Item 0691,691,false
IMPORT-0692,Import Item 0692,692,true
IMPORT-0693,Import Item 0693,693,false
IMPORT-0694,Import Item 0694,694,true
IMPORT-0695,Import Item 0695,695,false
IMPORT-0696,Import Item 0696,696,true
IMPORT-0697,Import Item 0697,697,false
IMPORT-0698,Import Item 0698,698,true
IMPORT-0699,Import Item 0699,699,false
IMPORT-0700,Import Item 0700,700,true
IMPORT-0701,Import Item 0701,701,false
IMPORT-0702,Import Item 0702,702,true
IMPORT-0703,Import Item 0703,703,false
IMPORT-0704,Import Item 0704,704,true
IMPORT-0705,Import Item 0705,705,false
IMPORT-0706,Import Item 0706,706,true
IMPORT-0707,Import Item 0707,707,false
IMPORT-0708,Import Item 0708,708,true
IMPORT-0709,Import Item 0709,709,false
IMPORT-0710,Import Item 0710,710,true
IMPORT-0711,Import Item 0711,711,false
IMPORT-0712,Import Item 0712,712,true
IMPORT-0713,Import Item 0713,713,false
IMPORT-0714,Import Item 0714,714,true
IMPORT-0715,Import Item 0715,715,false
IMPORT-0716,Import Item 0716,716,true
IMPORT-0717,Import Item 0717,717,false
IMPORT-0718,Import Item 0718,718,true
IMPORT-0719,Import Item 0719,719,false
IMPORT-0720,Import Item 0720,720,true
IMPORT-0721,Import Item 0721,721,false
IMPORT-0722,Import Item 0722,722,true
IMPORT-0723,Import Item 0723,723,false
IMPORT-0724,Import Item 0724,724,true
IMPORT-0725,Import Item 0725,725,false
IMPORT-0726,Import Item 0726,726,true
IMPORT-0727,Import Item 0727,727,false
IMPORT-0728,Import Item 0728,728,true
IMPORT-0729,Import Item 0729,729,false
IMPORT-0730,Import Item 0730,730,true
IMPORT-0731,Import Item 0731,731,false
IMPORT-0732,Import Item 0732,732,true
IMPORT-0733,Import Item 0733,733,false
IMPORT-0734,Import Item 0734,734,true
IMPORT-0735,Import Item 0735,735,false
IMPORT-0736,Import Item 0736,736,true
IMPORT-0737,Import Item 0737,737,false
IMPORT-0738,Import Item 0738,738,true
IMPORT-0739,Import Item 0739,739,false
IMPORT-0740,Import Item 0740,740,true
IMPORT-0741,Import Item 0741,741,false
IMPORT-0742,Import Item 0742,742,true
IMPORT-0743,Import Item 0743,743,false
IMPORT-0744,Import Item 0744,744,true
IMPORT-0745,Import Item 0745,745,false
IMPORT-0746,Import Item 0746,746,true
IMPORT-0747,Import Item 0747,747,false
IMPORT-0748,Import Item 0748,748,true
IMPORT-0749,Import Item 0749,749,false
IMPORT-0750,Import Item 0750,750,true
IMPORT-0751,Import Item 0751,751,false
IMPORT-0752,Import Item 0752,752,true
IMPORT-0753,Import Item 0753,753,false
IMPORT-0754,Import Item 0754,754,true
IMPORT-0755,Import Item 0755,755,false
IMPORT-0756,Import Item 0756,756,true
IMPORT-0757,Import Item 0757,757,false
IMPORT-0758,Import Item 0758,758,true
IMPORT-0759,Import Item 0759,759,false
IMPORT-0760,Import Item 0760,760,true
IMPORT-0761,Import Item 0761,761,false
IMPORT-0762,Import Item 0762,762,true
IMPORT-0763,Import Item 0763,763,false
IMPORT-0764,Import Item 0764,764,true
IMPORT-0765,Import Item 0765,765,false
IMPORT-0766,Import Item 0766,766,true
IMPORT-0767,Import Item 0767,767,false
IMPORT-0768,Import Item 0768,768,true
IMPORT-0769,Import Item 0769,769,false
IMPORT-0770,Import Item 0770,770,true
IMPORT-0771,Import Item 0771,771,false
IMPORT-0772,Import Item 0772,772,true
IMPORT-0773,Import Item 0773,773,false
IMPORT-0774,Import Item 0774,774,true
IMPORT-0775,Import Item 0775,775,false
IMPORT-0776,Import Item 0776,776,true
IMPORT-0777,Import Item 0777,777,false
IMPORT-0778,Import Item 0778,778,true
IMPORT-0779,Import Item 0779,779,false
IMPORT-0780,Import Item 0780,780,true
IMPORT-0781,Import Item 0781,781,false
IMPORT-0782,Import Item 0782,782,true
IMPORT-0783,Import Item 0783,783,false
IMPORT-0784,Import Item 0784,784,true
IMPORT-0785,Import Item 0785,785,false
IMPORT-0786,Import Item 0786,786,true
IMPORT-0787,Import Item 0787,787,false
IMPORT-0788,Import Item 0788,788,true
IMPORT-0789,Import Item 0789,789,false
IMPORT-0790,Import Item 0790,790,true
IMPORT-0791,Import Item 0791,791,false
IMPORT-0792,Import Item 0792,792,true
IMPORT-0793,Import Item 0793,793,false
IMPORT-0794,Import Item 0794,794,true
IMPORT-0795,Import Item 0795,795,false
IMPORT-0796,Import Item 0796,796,true
IMPORT-0797,Import Item 0797,797,false
IMPORT-0798,Import Item 0798,798,true
IMPORT-0799,Import Item 0799,799,false
IMPORT-0800,Import Item 0800,800,true
IMPORT-0801,Import Item 0801,801,false
IMPORT-0802,Import Item 0802,802,true
IMPORT-0803,Import Item 0803,803,false
IMPORT-0804,Import Item 0804,804,true
IMPORT-0805,Import Item 0805,805,false
IMPORT-0806,Import Item 0806,806,true
IMPORT-0807,Import Item 0807,807,false
IMPORT-0808,Import Item 0808,808,true
IMPORT-0809,Import Item 0809,809,false
IMPORT-0810,Import Item 0810,810,true
IMPORT-0811,Import Item 0811,811,false
IMPORT-0812,Import Item 0812,812,true
IMPORT-0813,Import Item 0813,813,false
IMPORT-0814,Import Item 0814,814,true
IMPORT-0815,Import Item 0815,815,false
IMPORT-0816,Import Item 0816,816,true
IMPORT-0817,Import Item 0817,817,false
IMPORT-0818,Import Item 0818,818,true
IMPORT-0819,Import Item 0819,819,false
IMPORT-0820,Import Item 0820,820,true
IMPORT-0821,Import Item 0821,821,false
IMPORT-0822,Import Item 0822,822,true
IMPORT-0823,Import Item 0823,823,false
IMPORT-0824,Import Item 0824,824,true
IMPORT-0825,Import Item 0825,825,false
IMPORT-0826,Import Item 0826,826,true
IMPORT-0827,Import Item 0827,827,false
IMPORT-0828,Import Item 0828,828,true
IMPORT-0829,Import Item 0829,829,false
IMPORT-0830,Import Item 0830,830,true
IMPORT-0831,Import Item 0831,831,false
IMPORT-0832,Import Item 0832,832,true
IMPORT-0833,Import Item 0833,833,false
IMPORT-0834,Import Item 0834,834,true
IMPORT-0835,Import Item 0835,835,false
IMPORT-0836,Import Item 0836,836,true
IMPORT-0837,Import Item 0837,837,false
IMPORT-0838,Import Item 0838,838,true
IMPORT-0839,Import Item 0839,839,false
IMPORT-0840,Import Item 0840,840,true
IMPORT-0841,Import Item 0841,841,false
IMPORT-0842,Import Item 0842,842,true
IMPORT-0843,Import Item 0843,843,false
IMPORT-0844,Import Item 0844,844,true
IMPORT-0845,Import Item 0845,845,false
IMPORT-0846,Import Item 0846,846,true
IMPORT-0847,Import Item 0847,847,false
IMPORT-0848,Import Item 0848,848,true
IMPORT-0849,Import Item 0849,849,false
IMPORT-0850,Import Item 0850,850,true
IMPORT-0851,Import Item 0851,851,false
IMPORT-0852,Import Item 0852,852,true
IMPORT-0853,Import Item 0853,853,false
IMPORT-0854,Import Item 0854,854,true
IMPORT-0855,Import Item 0855,855,false
IMPORT-0856,Import Item 0856,856,true
IMPORT-0857,Import Item 0857,857,false
IMPORT-0858,Import Item 0858,858,true
IMPORT-0859,Import Item 0859,859,false
IMPORT-0860,Import Item 0860,860,true
IMPORT-0861,Import Item 0861,861,false
IMPORT-0862,Import Item 0862,862,true
IMPORT-0863,Import Item 0863,863,false
IMPORT-0864,Import Item 0864,864,true
IMPORT-0865,Import Item 0865,865,false
IMPORT-0866,Import Item 0866,866,true
IMPORT-0867,Import Item 0867,867,false
IMPORT-0868,Import Item 0868,868,true
IMPORT-0869,Import Item 0869,869,false
IMPORT-0870,Import Item 0870,870,true
IMPORT-0871,Import Item 0871,871,false
IMPORT-0872,Import Item 0872,872,true
IMPORT-0873,Import Item 0873,873,false
IMPORT-0874,Import Item 0874,874,true
IMPORT-0875,Import Item 0875,875,false
IMPORT-0876,Import Item 0876,876,true
IMPORT-0877,Import Item 0877,877,false
IMPORT-0878,Import Item 0878,878,true
IMPORT-0879,Import Item 0879,879,false
IMPORT-0880,Import Item 0880,880,true
IMPORT-0881,Import Item 0881,881,false
IMPORT-0882,Import Item 0882,882,true
IMPORT-0883,Import Item 0883,883,false
IMPORT-0884,Import Item 0884,884,true
IMPORT-0885,Import Item 0885,885,false
IMPORT-0886,Import Item 0886,886,true
IMPORT-0887,Import Item 0887,887,false
IMPORT-0888,Import Item 0888,888,true
IMPORT-0889,Import Item 0889,889,false
IMPORT-0890,Import Item 0890,890,true
IMPORT-0891,Import Item 0891,891,false
IMPORT-0892,Import Item 0892,892,true
IMPORT-0893,Import Item 0893,893,false
IMPORT-0894,Import Item 0894,894,true
IMPORT-0895,Import Item 0895,895,false
IMPORT-0896,Import Item 0896,896,true
IMPORT-0897,Import Item 0897,897,false
IMPORT-0898,Import Item 0898,898,true
IMPORT-0899,Import Item 0899,899,false
IMPORT-0900,Import Item 0900,900,true
IMPORT-0901,Import Item 0901,901,false
IMPORT-0902,Import Item 0902,902,true
IMPORT-0903,Import Item 0903,903,false
IMPORT-0904,Import Item 0904,904,true
IMPORT-0905,Import Item 0905,905,false
IMPORT-0906,Import Item 0906,906,true
IMPORT-0907,Import Item 0907,907,false
IMPORT-0908,Import Item 0908,908,true
IMPORT-0909,Import Item 0909,909,false
IMPORT-0910,Import Item 0910,910,true
IMPORT-0911,Import Item 0911,911,false
IMPORT-0912,Import Item 0912,912,true
IMPORT-0913,Import Item 0913,913,false
IMPORT-0914,Import Item 0914,914,true
IMPORT-0915,Import Item 0915,915,false
IMPORT-0916,Import Item 0916,916,true
IMPORT-0917,Import Item 0917,917,false
IMPORT-0918,Import Item 0918,918,true
IMPORT-0919,Import Item 0919,919,false
IMPORT-0920,Import Item 0920,920,true
IMPORT-0921,Import Item 0921,921,false
IMPORT-0922,Import Item 0922,922,true
IMPORT-0923,Import Item 0923,923,false
IMPORT-0924,Import Item 0924,924,true
IMPORT-0925,Import Item 0925,925,false
IMPORT-0926,Import Item 0926,926,true
IMPORT-0927,Import Item 0927,927,false
IMPORT-0928,Import Item 0928,928,true
IMPORT-0929,Import Item 0929,929,false
IMPORT-0930,Import Item 0930,930,true
IMPORT-0931,Import Item 0931,931,false
IMPORT-0932,Import Item 0932,932,true
IMPORT-0933,Import Item 0933,933,false
IMPORT-0934,Import Item 0934,934,true
IMPORT-0935,Import Item 0935,935,false
IMPORT-0936,Import Item 0936,936,true
IMPORT-0937,Import Item 0937,937,false
IMPORT-0938,Import Item 0938,938,true
IMPORT-0939,Import Item 0939,939,false
IMPORT-0940,Import Item 0940,940,true
IMPORT-0941,Import Item 0941,941,false
IMPORT-0942,Import Item 0942,942,true
IMPORT-0943,Import Item 0943,943,false
IMPORT-0944,Import Item 0944,944,true
IMPORT-0945,Import Item 0945,945,false
IMPORT-0946,Import Item 0946,946,true
IMPORT-0947,Import Item 0947,947,false
IMPORT-0948,Import Item 0948,948,true
IMPORT-0949,Import Item 0949,949,false
IMPORT-0950,Import Item 0950,950,true
IMPORT-0951,Import Item 0951,951,false
IMPORT-0952,Import Item 0952,952,true
IMPORT-0953,Import Item 0953,953,false
IMPORT-0954,Import Item 0954,954,true
IMPORT-0955,Import Item 0955,955,false
IMPORT-0956,Import Item 0956,956,true
IMPORT-0957,Import Item 0957,957,false
IMPORT-0958,Import Item 0958,958,true
IMPORT-0959,Import Item 0959,959,false
IMPORT-0960,Import Item 0960,960,true
IMPORT-0961,Import Item 0961,961,false
IMPORT-0962,Import Item 0962,962,true
IMPORT-0963,Import Item 0963,963,false
IMPORT-0964,Import Item 0964,964,true
IMPORT-0965,Import Item 0965,965,false
IMPORT-0966,Import Item 0966,966,true
IMPORT-0967,Import Item 0967,967,false
IMPORT-0968,Import Item 0968,968,true
IMPORT-0969,Import Item 0969,969,false
IMPORT-0970,Import Item 0970,970,true
IMPORT-0971,Import Item 0971,971,false
IMPORT-0972,Import Item 0972,972,true
IMPORT-0973,Import Item 0973,973,false
IMPORT-0974,Import Item 0974,974,true
IMPORT-0975,Import Item 0975,975,false
IMPORT-0976,Import Item 0976,976,true
IMPORT-0977,Import Item 0977,977,false
IMPORT-0978,Import Item 0978,978,true
IMPORT-0979,Import Item 0979,979,false
IMPORT-0980,Import Item 0980,980,true
IMPORT-0981,Import Item 0981,981,false
IMPORT-0982,Import Item 0982,982,true
IMPORT-0983,Import Item 0983,983,false
IMPORT-0984,Import Item 0984,984,true
IMPORT-0985,Import Item 0985,985,false
IMPORT-0986,Import Item 0986,986,true
IMPORT-0987,Import Item 0987,987,false
IMPORT-0988,Import Item 0988,988,true
IMPORT-0989,Import Item 0989,989,false
IMPORT-0990,Import Item 0990,990,true
IMPORT-0991,Import Item 0991,991,false
IMPORT-0992,Import Item 0992,992,true
IMPORT-0993,Import Item 0993,993,false
IMPORT-0994,Import Item 0994,994,true
IMPORT-0995,Import Item 0995,995,false
IMPORT-0996,Import Item 0996,996,true
IMPORT-0997,Import Item 0997,997,false
IMPORT-0998,Import Item 0998,998,true
IMPORT-0999,Import Item 0999,999,false
IMPORT-1000,Import Item 1000,1000,true
