external_key,name,parent_id,amount
SINGLE-0001,Single Parent Child 0001,parent_single,1
SINGLE-0002,Single Parent Child 0002,parent_single,2
SINGLE-0003,Single Parent Child 0003,parent_single,3
SINGLE-0004,Single Parent Child 0004,parent_single,4
SINGLE-0005,Single Parent Child 0005,parent_single,5
SINGLE-0006,Single Parent Child 0006,parent_single,6
SINGLE-0007,Single Parent Child 0007,parent_single,7
SINGLE-0008,Single Parent Child 0008,parent_single,8
SINGLE-0009,Single Parent Child 0009,parent_single,9
SINGLE-0010,Single Parent Child 0010,parent_single,10
SINGLE-0011,Single Parent Child 0011,parent_single,11
SINGLE-0012,Single Parent Child 0012,parent_single,12
SINGLE-0013,Single Parent Child 0013,parent_single,13
SINGLE-0014,Single Parent Child 0014,parent_single,14
SINGLE-0015,Single Parent Child 0015,parent_single,15
SINGLE-0016,Single Parent Child 0016,parent_single,16
SINGLE-0017,Single Parent Child 0017,parent_single,17
SINGLE-0018,Single Parent Child 0018,parent_single,18
SINGLE-0019,Single Parent Child 0019,parent_single,19
SINGLE-0020,Single Parent Child 0020,parent_single,20
SINGLE-0021,Single Parent Child 0021,parent_single,21
SINGLE-0022,Single Parent Child 0022,parent_single,22
SINGLE-0023,Single Parent Child 0023,parent_single,23
SINGLE-0024,Single Parent Child 0024,parent_single,24
SINGLE-0025,Single Parent Child 0025,parent_single,25
SINGLE-0026,Single Parent Child 0026,parent_single,26
SINGLE-0027,Single Parent Child 0027,parent_single,27
SINGLE-0028,Single Parent Child 0028,parent_single,28
SINGLE-0029,Single Parent Child 0029,parent_single,29
SINGLE-0030,Single Parent Child 0030,parent_single,30
SINGLE-0031,Single Parent Child 0031,parent_single,31
SINGLE-0032,Single Parent Child 0032,parent_single,32
SINGLE-0033,Single Parent Child 0033,parent_single,33
SINGLE-0034,Single Parent Child 0034,parent_single,34
SINGLE-0035,Single Parent Child 0035,parent_single,35
SINGLE-0036,Single Parent Child 0036,parent_single,36
SINGLE-0037,Single Parent Child 0037,parent_single,37
SINGLE-0038,Single Parent Child 0038,parent_single,38
SINGLE-0039,Single Parent Child 0039,parent_single,39
SINGLE-0040,Single Parent Child 0040,parent_single,40
SINGLE-0041,Single Parent Child 0041,parent_single,41
SINGLE-0042,Single Parent Child 0042,parent_single,42
SINGLE-0043,Single Parent Child 0043,parent_single,43
SINGLE-0044,Single Parent Child 0044,parent_single,44
SINGLE-0045,Single Parent Child 0045,parent_single,45
SINGLE-0046,Single Parent Child 0046,parent_single,46
SINGLE-0047,Single Parent Child 0047,parent_single,47
SINGLE-0048,Single Parent Child 0048,parent_single,48
SINGLE-0049,Single Parent Child 0049,parent_single,49
SINGLE-0050,Single Parent Child 0050,parent_single,50
SINGLE-0051,Single Parent Child 0051,parent_single,51
SINGLE-0052,Single Parent Child 0052,parent_single,52
SINGLE-0053,Single Parent Child 0053,parent_single,53
SINGLE-0054,Single Parent Child 0054,parent_single,54
SINGLE-0055,Single Parent Child 0055,parent_single,55
SINGLE-0056,Single Parent Child 0056,parent_single,56
SINGLE-0057,Single Parent Child 0057,parent_single,57
SINGLE-0058,Single Parent Child 0058,parent_single,58
SINGLE-0059,Single Parent Child 0059,parent_single,59
SINGLE-0060,Single Parent Child 0060,parent_single,60
SINGLE-0061,Single Parent Child 0061,parent_single,61
SINGLE-0062,Single Parent Child 0062,parent_single,62
SINGLE-0063,Single Parent Child 0063,parent_single,63
SINGLE-0064,Single Parent Child 0064,parent_single,64
SINGLE-0065,Single Parent Child 0065,parent_single,65
SINGLE-0066,Single Parent Child 0066,parent_single,66
SINGLE-0067,Single Parent Child 0067,parent_single,67
SINGLE-0068,Single Parent Child 0068,parent_single,68
SINGLE-0069,Single Parent Child 0069,parent_single,69
SINGLE-0070,Single Parent Child 0070,parent_single,70
SINGLE-0071,Single Parent Child 0071,parent_single,71
SINGLE-0072,Single Parent Child 0072,parent_single,72
SINGLE-0073,Single Parent Child 0073,parent_single,73
SINGLE-0074,Single Parent Child 0074,parent_single,74
SINGLE-0075,Single Parent Child 0075,parent_single,75
SINGLE-0076,Single Parent Child 0076,parent_single,76
SINGLE-0077,Single Parent Child 0077,parent_single,77
SINGLE-0078,Single Parent Child 0078,parent_single,78
SINGLE-0079,Single Parent Child 0079,parent_single,79
SINGLE-0080,Single Parent Child 0080,parent_single,80
SINGLE-0081,Single Parent Child 0081,parent_single,81
SINGLE-0082,Single Parent Child 0082,parent_single,82
SINGLE-0083,Single Parent Child 0083,parent_single,83
SINGLE-0084,Single Parent Child 0084,parent_single,84
SINGLE-0085,Single Parent Child 0085,parent_single,85
SINGLE-0086,Single Parent Child 0086,parent_single,86
SINGLE-0087,Single Parent Child 0087,parent_single,87
SINGLE-0088,Single Parent Child 0088,parent_single,88
SINGLE-0089,Single Parent Child 0089,parent_single,89
SINGLE-0090,Single Parent Child 0090,parent_single,90
SINGLE-0091,Single Parent Child 0091,parent_single,91
SINGLE-0092,Single Parent Child 0092,parent_single,92
SINGLE-0093,Single Parent Child 0093,parent_single,93
SINGLE-0094,Single Parent Child 0094,parent_single,94
SINGLE-0095,Single Parent Child 0095,parent_single,95
SINGLE-0096,Single Parent Child 0096,parent_single,96
SINGLE-0097,Single Parent Child 0097,parent_single,97
SINGLE-0098,Single Parent Child 0098,parent_single,98
SINGLE-0099,Single Parent Child 0099,parent_single,99
SINGLE-0100,Single Parent Child 0100,parent_single,100
SINGLE-0101,Single Parent Child 0101,parent_single,101
SINGLE-0102,Single Parent Child 0102,parent_single,102
SINGLE-0103,Single Parent Child 0103,parent_single,103
SINGLE-0104,Single Parent Child 0104,parent_single,104
SINGLE-0105,Single Parent Child 0105,parent_single,105
SINGLE-0106,Single Parent Child 0106,parent_single,106
SINGLE-0107,Single Parent Child 0107,parent_single,107
SINGLE-0108,Single Parent Child 0108,parent_single,108
SINGLE-0109,Single Parent Child 0109,parent_single,109
SINGLE-0110,Single Parent Child 0110,parent_single,110
SINGLE-0111,Single Parent Child 0111,parent_single,111
SINGLE-0112,Single Parent Child 0112,parent_single,112
SINGLE-0113,Single Parent Child 0113,parent_single,113
SINGLE-0114,Single Parent Child 0114,parent_single,114
SINGLE-0115,Single Parent Child 0115,parent_single,115
SINGLE-0116,Single Parent Child 0116,parent_single,116
SINGLE-0117,Single Parent Child 0117,parent_single,117
SINGLE-0118,Single Parent Child 0118,parent_single,118
SINGLE-0119,Single Parent Child 0119,parent_single,119
SINGLE-0120,Single Parent Child 0120,parent_single,120
SINGLE-0121,Single Parent Child 0121,parent_single,121
SINGLE-0122,Single Parent Child 0122,parent_single,122
SINGLE-0123,Single Parent Child 0123,parent_single,123
SINGLE-0124,Single Parent Child 0124,parent_single,124
SINGLE-0125,Single Parent Child 0125,parent_single,125
SINGLE-0126,Single Parent Child 0126,parent_single,126
SINGLE-0127,Single Parent Child 0127,parent_single,127
SINGLE-0128,Single Parent Child 0128,parent_single,128
SINGLE-0129,Single Parent Child 0129,parent_single,129
SINGLE-0130,Single Parent Child 0130,parent_single,130
SINGLE-0131,Single Parent Child 0131,parent_single,131
SINGLE-0132,Single Parent Child 0132,parent_single,132
SINGLE-0133,Single Parent Child 0133,parent_single,133
SINGLE-0134,Single Parent Child 0134,parent_single,134
SINGLE-0135,Single Parent Child 0135,parent_single,135
SINGLE-0136,Single Parent Child 0136,parent_single,136
SINGLE-0137,Single Parent Child 0137,parent_single,137
SINGLE-0138,Single Parent Child 0138,parent_single,138
SINGLE-0139,Single Parent Child 0139,parent_single,139
SINGLE-0140,Single Parent Child 0140,parent_single,140
SINGLE-0141,Single Parent Child 0141,parent_single,141
SINGLE-0142,Single Parent Child 0142,parent_single,142
SINGLE-0143,Single Parent Child 0143,parent_single,143
SINGLE-0144,Single Parent Child 0144,parent_single,144
SINGLE-0145,Single Parent Child 0145,parent_single,145
SINGLE-0146,Single Parent Child 0146,parent_single,146
SINGLE-0147,Single Parent Child 0147,parent_single,147
SINGLE-0148,Single Parent Child 0148,parent_single,148
SINGLE-0149,Single Parent Child 0149,parent_single,149
SINGLE-0150,Single Parent Child 0150,parent_single,150
SINGLE-0151,Single Parent Child 0151,parent_single,151
SINGLE-0152,Single Parent Child 0152,parent_single,152
SINGLE-0153,Single Parent Child 0153,parent_single,153
SINGLE-0154,Single Parent Child 0154,parent_single,154
SINGLE-0155,Single Parent Child 0155,parent_single,155
SINGLE-0156,Single Parent Child 0156,parent_single,156
SINGLE-0157,Single Parent Child 0157,parent_single,157
SINGLE-0158,Single Parent Child 0158,parent_single,158
SINGLE-0159,Single Parent Child 0159,parent_single,159
SINGLE-0160,Single Parent Child 0160,parent_single,160
SINGLE-0161,Single Parent Child 0161,parent_single,161
SINGLE-0162,Single Parent Child 0162,parent_single,162
SINGLE-0163,Single Parent Child 0163,parent_single,163
SINGLE-0164,Single Parent Child 0164,parent_single,164
SINGLE-0165,Single Parent Child 0165,parent_single,165
SINGLE-0166,Single Parent Child 0166,parent_single,166
SINGLE-0167,Single Parent Child 0167,parent_single,167
SINGLE-0168,Single Parent Child 0168,parent_single,168
SINGLE-0169,Single Parent Child 0169,parent_single,169
SINGLE-0170,Single Parent Child 0170,parent_single,170
SINGLE-0171,Single Parent Child 0171,parent_single,171
SINGLE-0172,Single Parent Child 0172,parent_single,172
SINGLE-0173,Single Parent Child 0173,parent_single,173
SINGLE-0174,Single Parent Child 0174,parent_single,174
SINGLE-0175,Single Parent Child 0175,parent_single,175
SINGLE-0176,Single Parent Child 0176,parent_single,176
SINGLE-0177,Single Parent Child 0177,parent_single,177
SINGLE-0178,Single Parent Child 0178,parent_single,178
SINGLE-0179,Single Parent Child 0179,parent_single,179
SINGLE-0180,Single Parent Child 0180,parent_single,180
SINGLE-0181,Single Parent Child 0181,parent_single,181
SINGLE-0182,Single Parent Child 0182,parent_single,182
SINGLE-0183,Single Parent Child 0183,parent_single,183
SINGLE-0184,Single Parent Child 0184,parent_single,184
SINGLE-0185,Single Parent Child 0185,parent_single,185
SINGLE-0186,Single Parent Child 0186,parent_single,186
SINGLE-0187,Single Parent Child 0187,parent_single,187
SINGLE-0188,Single Parent Child 0188,parent_single,188
SINGLE-0189,Single Parent Child 0189,parent_single,189
SINGLE-0190,Single Parent Child 0190,parent_single,190
SINGLE-0191,Single Parent Child 0191,parent_single,191
SINGLE-0192,Single Parent Child 0192,parent_single,192
SINGLE-0193,Single Parent Child 0193,parent_single,193
SINGLE-0194,Single Parent Child 0194,parent_single,194
SINGLE-0195,Single Parent Child 0195,parent_single,195
SINGLE-0196,Single Parent Child 0196,parent_single,196
SINGLE-0197,Single Parent Child 0197,parent_single,197
SINGLE-0198,Single Parent Child 0198,parent_single,198
SINGLE-0199,Single Parent Child 0199,parent_single,199
SINGLE-0200,Single Parent Child 0200,parent_single,200
SINGLE-0201,Single Parent Child 0201,parent_single,201
SINGLE-0202,Single Parent Child 0202,parent_single,202
SINGLE-0203,Single Parent Child 0203,parent_single,203
SINGLE-0204,Single Parent Child 0204,parent_single,204
SINGLE-0205,Single Parent Child 0205,parent_single,205
SINGLE-0206,Single Parent Child 0206,parent_single,206
SINGLE-0207,Single Parent Child 0207,parent_single,207
SINGLE-0208,Single Parent Child 0208,parent_single,208
SINGLE-0209,Single Parent Child 0209,parent_single,209
SINGLE-0210,Single Parent Child 0210,parent_single,210
SINGLE-0211,Single Parent Child 0211,parent_single,211
SINGLE-0212,Single Parent Child 0212,parent_single,212
SINGLE-0213,Single Parent Child 0213,parent_single,213
SINGLE-0214,Single Parent Child 0214,parent_single,214
SINGLE-0215,Single Parent Child 0215,parent_single,215
SINGLE-0216,Single Parent Child 0216,parent_single,216
SINGLE-0217,Single Parent Child 0217,parent_single,217
SINGLE-0218,Single Parent Child 0218,parent_single,218
SINGLE-0219,Single Parent Child 0219,parent_single,219
SINGLE-0220,Single Parent Child 0220,parent_single,220
SINGLE-0221,Single Parent Child 0221,parent_single,221
SINGLE-0222,Single Parent Child 0222,parent_single,222
SINGLE-0223,Single Parent Child 0223,parent_single,223
SINGLE-0224,Single Parent Child 0224,parent_single,224
SINGLE-0225,Single Parent Child 0225,parent_single,225
SINGLE-0226,Single Parent Child 0226,parent_single,226
SINGLE-0227,Single Parent Child 0227,parent_single,227
SINGLE-0228,Single Parent Child 0228,parent_single,228
SINGLE-0229,Single Parent Child 0229,parent_single,229
SINGLE-0230,Single Parent Child 0230,parent_single,230
SINGLE-0231,Single Parent Child 0231,parent_single,231
SINGLE-0232,Single Parent Child 0232,parent_single,232
SINGLE-0233,Single Parent Child 0233,parent_single,233
SINGLE-0234,Single Parent Child 0234,parent_single,234
SINGLE-0235,Single Parent Child 0235,parent_single,235
SINGLE-0236,Single Parent Child 0236,parent_single,236
SINGLE-0237,Single Parent Child 0237,parent_single,237
SINGLE-0238,Single Parent Child 0238,parent_single,238
SINGLE-0239,Single Parent Child 0239,parent_single,239
SINGLE-0240,Single Parent Child 0240,parent_single,240
SINGLE-0241,Single Parent Child 0241,parent_single,241
SINGLE-0242,Single Parent Child 0242,parent_single,242
SINGLE-0243,Single Parent Child 0243,parent_single,243
SINGLE-0244,Single Parent Child 0244,parent_single,244
SINGLE-0245,Single Parent Child 0245,parent_single,245
SINGLE-0246,Single Parent Child 0246,parent_single,246
SINGLE-0247,Single Parent Child 0247,parent_single,247
SINGLE-0248,Single Parent Child 0248,parent_single,248
SINGLE-0249,Single Parent Child 0249,parent_single,249
SINGLE-0250,Single Parent Child 0250,parent_single,250
SINGLE-0251,Single Parent Child 0251,parent_single,251
SINGLE-0252,Single Parent Child 0252,parent_single,252
SINGLE-0253,Single Parent Child 0253,parent_single,253
SINGLE-0254,Single Parent Child 0254,parent_single,254
SINGLE-0255,Single Parent Child 0255,parent_single,255
SINGLE-0256,Single Parent Child 0256,parent_single,256
SINGLE-0257,Single Parent Child 0257,parent_single,257
SINGLE-0258,Single Parent Child 0258,parent_single,258
SINGLE-0259,Single Parent Child 0259,parent_single,259
SINGLE-0260,Single Parent Child 0260,parent_single,260
SINGLE-0261,Single Parent Child 0261,parent_single,261
SINGLE-0262,Single Parent Child 0262,parent_single,262
SINGLE-0263,Single Parent Child 0263,parent_single,263
SINGLE-0264,Single Parent Child 0264,parent_single,264
SINGLE-0265,Single Parent Child 0265,parent_single,265
SINGLE-0266,Single Parent Child 0266,parent_single,266
SINGLE-0267,Single Parent Child 0267,parent_single,267
SINGLE-0268,Single Parent Child 0268,parent_single,268
SINGLE-0269,Single Parent Child 0269,parent_single,269
SINGLE-0270,Single Parent Child 0270,parent_single,270
SINGLE-0271,Single Parent Child 0271,parent_single,271
SINGLE-0272,Single Parent Child 0272,parent_single,272
SINGLE-0273,Single Parent Child 0273,parent_single,273
SINGLE-0274,Single Parent Child 0274,parent_single,274
SINGLE-0275,Single Parent Child 0275,parent_single,275
SINGLE-0276,Single Parent Child 0276,parent_single,276
SINGLE-0277,Single Parent Child 0277,parent_single,277
SINGLE-0278,Single Parent Child 0278,parent_single,278
SINGLE-0279,Single Parent Child 0279,parent_single,279
SINGLE-0280,Single Parent Child 0280,parent_single,280
SINGLE-0281,Single Parent Child 0281,parent_single,281
SINGLE-0282,Single Parent Child 0282,parent_single,282
SINGLE-0283,Single Parent Child 0283,parent_single,283
SINGLE-0284,Single Parent Child 0284,parent_single,284
SINGLE-0285,Single Parent Child 0285,parent_single,285
SINGLE-0286,Single Parent Child 0286,parent_single,286
SINGLE-0287,Single Parent Child 0287,parent_single,287
SINGLE-0288,Single Parent Child 0288,parent_single,288
SINGLE-0289,Single Parent Child 0289,parent_single,289
SINGLE-0290,Single Parent Child 0290,parent_single,290
SINGLE-0291,Single Parent Child 0291,parent_single,291
SINGLE-0292,Single Parent Child 0292,parent_single,292
SINGLE-0293,Single Parent Child 0293,parent_single,293
SINGLE-0294,Single Parent Child 0294,parent_single,294
SINGLE-0295,Single Parent Child 0295,parent_single,295
SINGLE-0296,Single Parent Child 0296,parent_single,296
SINGLE-0297,Single Parent Child 0297,parent_single,297
SINGLE-0298,Single Parent Child 0298,parent_single,298
SINGLE-0299,Single Parent Child 0299,parent_single,299
SINGLE-0300,Single Parent Child 0300,parent_single,300
SINGLE-0301,Single Parent Child 0301,parent_single,301
SINGLE-0302,Single Parent Child 0302,parent_single,302
SINGLE-0303,Single Parent Child 0303,parent_single,303
SINGLE-0304,Single Parent Child 0304,parent_single,304
SINGLE-0305,Single Parent Child 0305,parent_single,305
SINGLE-0306,Single Parent Child 0306,parent_single,306
SINGLE-0307,Single Parent Child 0307,parent_single,307
SINGLE-0308,Single Parent Child 0308,parent_single,308
SINGLE-0309,Single Parent Child 0309,parent_single,309
SINGLE-0310,Single Parent Child 0310,parent_single,310
SINGLE-0311,Single Parent Child 0311,parent_single,311
SINGLE-0312,Single Parent Child 0312,parent_single,312
SINGLE-0313,Single Parent Child 0313,parent_single,313
SINGLE-0314,Single Parent Child 0314,parent_single,314
SINGLE-0315,Single Parent Child 0315,parent_single,315
SINGLE-0316,Single Parent Child 0316,parent_single,316
SINGLE-0317,Single Parent Child 0317,parent_single,317
SINGLE-0318,Single Parent Child 0318,parent_single,318
SINGLE-0319,Single Parent Child 0319,parent_single,319
SINGLE-0320,Single Parent Child 0320,parent_single,320
SINGLE-0321,Single Parent Child 0321,parent_single,321
SINGLE-0322,Single Parent Child 0322,parent_single,322
SINGLE-0323,Single Parent Child 0323,parent_single,323
SINGLE-0324,Single Parent Child 0324,parent_single,324
SINGLE-0325,Single Parent Child 0325,parent_single,325
SINGLE-0326,Single Parent Child 0326,parent_single,326
SINGLE-0327,Single Parent Child 0327,parent_single,327
SINGLE-0328,Single Parent Child 0328,parent_single,328
SINGLE-0329,Single Parent Child 0329,parent_single,329
SINGLE-0330,Single Parent Child 0330,parent_single,330
SINGLE-0331,Single Parent Child 0331,parent_single,331
SINGLE-0332,Single Parent Child 0332,parent_single,332
SINGLE-0333,Single Parent Child 0333,parent_single,333
SINGLE-0334,Single Parent Child 0334,parent_single,334
SINGLE-0335,Single Parent Child 0335,parent_single,335
SINGLE-0336,Single Parent Child 0336,parent_single,336
SINGLE-0337,Single Parent Child 0337,parent_single,337
SINGLE-0338,Single Parent Child 0338,parent_single,338
SINGLE-0339,Single Parent Child 0339,parent_single,339
SINGLE-0340,Single Parent Child 0340,parent_single,340
SINGLE-0341,Single Parent Child 0341,parent_single,341
SINGLE-0342,Single Parent Child 0342,parent_single,342
SINGLE-0343,Single Parent Child 0343,parent_single,343
SINGLE-0344,Single Parent Child 0344,parent_single,344
SINGLE-0345,Single Parent Child 0345,parent_single,345
SINGLE-0346,Single Parent Child 0346,parent_single,346
SINGLE-0347,Single Parent Child 0347,parent_single,347
SINGLE-0348,Single Parent Child 0348,parent_single,348
SINGLE-0349,Single Parent Child 0349,parent_single,349
SINGLE-0350,Single Parent Child 0350,parent_single,350
SINGLE-0351,Single Parent Child 0351,parent_single,351
SINGLE-0352,Single Parent Child 0352,parent_single,352
SINGLE-0353,Single Parent Child 0353,parent_single,353
SINGLE-0354,Single Parent Child 0354,parent_single,354
SINGLE-0355,Single Parent Child 0355,parent_single,355
SINGLE-0356,Single Parent Child 0356,parent_single,356
SINGLE-0357,Single Parent Child 0357,parent_single,357
SINGLE-0358,Single Parent Child 0358,parent_single,358
SINGLE-0359,Single Parent Child 0359,parent_single,359
SINGLE-0360,Single Parent Child 0360,parent_single,360
SINGLE-0361,Single Parent Child 0361,parent_single,361
SINGLE-0362,Single Parent Child 0362,parent_single,362
SINGLE-0363,Single Parent Child 0363,parent_single,363
SINGLE-0364,Single Parent Child 0364,parent_single,364
SINGLE-0365,Single Parent Child 0365,parent_single,365
SINGLE-0366,Single Parent Child 0366,parent_single,366
SINGLE-0367,Single Parent Child 0367,parent_single,367
SINGLE-0368,Single Parent Child 0368,parent_single,368
SINGLE-0369,Single Parent Child 0369,parent_single,369
SINGLE-0370,Single Parent Child 0370,parent_single,370
SINGLE-0371,Single Parent Child 0371,parent_single,371
SINGLE-0372,Single Parent Child 0372,parent_single,372
SINGLE-0373,Single Parent Child 0373,parent_single,373
SINGLE-0374,Single Parent Child 0374,parent_single,374
SINGLE-0375,Single Parent Child 0375,parent_single,375
SINGLE-0376,Single Parent Child 0376,parent_single,376
SINGLE-0377,Single Parent Child 0377,parent_single,377
SINGLE-0378,Single Parent Child 0378,parent_single,378
SINGLE-0379,Single Parent Child 0379,parent_single,379
SINGLE-0380,Single Parent Child 0380,parent_single,380
SINGLE-0381,Single Parent Child 0381,parent_single,381
SINGLE-0382,Single Parent Child 0382,parent_single,382
SINGLE-0383,Single Parent Child 0383,parent_single,383
SINGLE-0384,Single Parent Child 0384,parent_single,384
SINGLE-0385,Single Parent Child 0385,parent_single,385
SINGLE-0386,Single Parent Child 0386,parent_single,386
SINGLE-0387,Single Parent Child 0387,parent_single,387
SINGLE-0388,Single Parent Child 0388,parent_single,388
SINGLE-0389,Single Parent Child 0389,parent_single,389
SINGLE-0390,Single Parent Child 0390,parent_single,390
SINGLE-0391,Single Parent Child 0391,parent_single,391
SINGLE-0392,Single Parent Child 0392,parent_single,392
SINGLE-0393,Single Parent Child 0393,parent_single,393
SINGLE-0394,Single Parent Child 0394,parent_single,394
SINGLE-0395,Single Parent Child 0395,parent_single,395
SINGLE-0396,Single Parent Child 0396,parent_single,396
SINGLE-0397,Single Parent Child 0397,parent_single,397
SINGLE-0398,Single Parent Child 0398,parent_single,398
SINGLE-0399,Single Parent Child 0399,parent_single,399
SINGLE-0400,Single Parent Child 0400,parent_single,400
SINGLE-0401,Single Parent Child 0401,parent_single,401
SINGLE-0402,Single Parent Child 0402,parent_single,402
SINGLE-0403,Single Parent Child 0403,parent_single,403
SINGLE-0404,Single Parent Child 0404,parent_single,404
SINGLE-0405,Single Parent Child 0405,parent_single,405
SINGLE-0406,Single Parent Child 0406,parent_single,406
SINGLE-0407,Single Parent Child 0407,parent_single,407
SINGLE-0408,Single Parent Child 0408,parent_single,408
SINGLE-0409,Single Parent Child 0409,parent_single,409
SINGLE-0410,Single Parent Child 0410,parent_single,410
SINGLE-0411,Single Parent Child 0411,parent_single,411
SINGLE-0412,Single Parent Child 0412,parent_single,412
SINGLE-0413,Single Parent Child 0413,parent_single,413
SINGLE-0414,Single Parent Child 0414,parent_single,414
SINGLE-0415,Single Parent Child 0415,parent_single,415
SINGLE-0416,Single Parent Child 0416,parent_single,416
SINGLE-0417,Single Parent Child 0417,parent_single,417
SINGLE-0418,Single Parent Child 0418,parent_single,418
SINGLE-0419,Single Parent Child 0419,parent_single,419
SINGLE-0420,Single Parent Child 0420,parent_single,420
SINGLE-0421,Single Parent Child 0421,parent_single,421
SINGLE-0422,Single Parent Child 0422,parent_single,422
SINGLE-0423,Single Parent Child 0423,parent_single,423
SINGLE-0424,Single Parent Child 0424,parent_single,424
SINGLE-0425,Single Parent Child 0425,parent_single,425
SINGLE-0426,Single Parent Child 0426,parent_single,426
SINGLE-0427,Single Parent Child 0427,parent_single,427
SINGLE-0428,Single Parent Child 0428,parent_single,428
SINGLE-0429,Single Parent Child 0429,parent_single,429
SINGLE-0430,Single Parent Child 0430,parent_single,430
SINGLE-0431,Single Parent Child 0431,parent_single,431
SINGLE-0432,Single Parent Child 0432,parent_single,432
SINGLE-0433,Single Parent Child 0433,parent_single,433
SINGLE-0434,Single Parent Child 0434,parent_single,434
SINGLE-0435,Single Parent Child 0435,parent_single,435
SINGLE-0436,Single Parent Child 0436,parent_single,436
SINGLE-0437,Single Parent Child 0437,parent_single,437
SINGLE-0438,Single Parent Child 0438,parent_single,438
SINGLE-0439,Single Parent Child 0439,parent_single,439
SINGLE-0440,Single Parent Child 0440,parent_single,440
SINGLE-0441,Single Parent Child 0441,parent_single,441
SINGLE-0442,Single Parent Child 0442,parent_single,442
SINGLE-0443,Single Parent Child 0443,parent_single,443
SINGLE-0444,Single Parent Child 0444,parent_single,444
SINGLE-0445,Single Parent Child 0445,parent_single,445
SINGLE-0446,Single Parent Child 0446,parent_single,446
SINGLE-0447,Single Parent Child 0447,parent_single,447
SINGLE-0448,Single Parent Child 0448,parent_single,448
SINGLE-0449,Single Parent Child 0449,parent_single,449
SINGLE-0450,Single Parent Child 0450,parent_single,450
SINGLE-0451,Single Parent Child 0451,parent_single,451
SINGLE-0452,Single Parent Child 0452,parent_single,452
SINGLE-0453,Single Parent Child 0453,parent_single,453
SINGLE-0454,Single Parent Child 0454,parent_single,454
SINGLE-0455,Single Parent Child 0455,parent_single,455
SINGLE-0456,Single Parent Child 0456,parent_single,456
SINGLE-0457,Single Parent Child 0457,parent_single,457
SINGLE-0458,Single Parent Child 0458,parent_single,458
SINGLE-0459,Single Parent Child 0459,parent_single,459
SINGLE-0460,Single Parent Child 0460,parent_single,460
SINGLE-0461,Single Parent Child 0461,parent_single,461
SINGLE-0462,Single Parent Child 0462,parent_single,462
SINGLE-0463,Single Parent Child 0463,parent_single,463
SINGLE-0464,Single Parent Child 0464,parent_single,464
SINGLE-0465,Single Parent Child 0465,parent_single,465
SINGLE-0466,Single Parent Child 0466,parent_single,466
SINGLE-0467,Single Parent Child 0467,parent_single,467
SINGLE-0468,Single Parent Child 0468,parent_single,468
SINGLE-0469,Single Parent Child 0469,parent_single,469
SINGLE-0470,Single Parent Child 0470,parent_single,470
SINGLE-0471,Single Parent Child 0471,parent_single,471
SINGLE-0472,Single Parent Child 0472,parent_single,472
SINGLE-0473,Single Parent Child 0473,parent_single,473
SINGLE-0474,Single Parent Child 0474,parent_single,474
SINGLE-0475,Single Parent Child 0475,parent_single,475
SINGLE-0476,Single Parent Child 0476,parent_single,476
SINGLE-0477,Single Parent Child 0477,parent_single,477
SINGLE-0478,Single Parent Child 0478,parent_single,478
SINGLE-0479,Single Parent Child 0479,parent_single,479
SINGLE-0480,Single Parent Child 0480,parent_single,480
SINGLE-0481,Single Parent Child 0481,parent_single,481
SINGLE-0482,Single Parent Child 0482,parent_single,482
SINGLE-0483,Single Parent Child 0483,parent_single,483
SINGLE-0484,Single Parent Child 0484,parent_single,484
SINGLE-0485,Single Parent Child 0485,parent_single,485
SINGLE-0486,Single Parent Child 0486,parent_single,486
SINGLE-0487,Single Parent Child 0487,parent_single,487
SINGLE-0488,Single Parent Child 0488,parent_single,488
SINGLE-0489,Single Parent Child 0489,parent_single,489
SINGLE-0490,Single Parent Child 0490,parent_single,490
SINGLE-0491,Single Parent Child 0491,parent_single,491
SINGLE-0492,Single Parent Child 0492,parent_single,492
SINGLE-0493,Single Parent Child 0493,parent_single,493
SINGLE-0494,Single Parent Child 0494,parent_single,494
SINGLE-0495,Single Parent Child 0495,parent_single,495
SINGLE-0496,Single Parent Child 0496,parent_single,496
SINGLE-0497,Single Parent Child 0497,parent_single,497
SINGLE-0498,Single Parent Child 0498,parent_single,498
SINGLE-0499,Single Parent Child 0499,parent_single,499
SINGLE-0500,Single Parent Child 0500,parent_single,500
SINGLE-0501,Single Parent Child 0501,parent_single,501
SINGLE-0502,Single Parent Child 0502,parent_single,502
SINGLE-0503,Single Parent Child 0503,parent_single,503
SINGLE-0504,Single Parent Child 0504,parent_single,504
SINGLE-0505,Single Parent Child 0505,parent_single,505
SINGLE-0506,Single Parent Child 0506,parent_single,506
SINGLE-0507,Single Parent Child 0507,parent_single,507
SINGLE-0508,Single Parent Child 0508,parent_single,508
SINGLE-0509,Single Parent Child 0509,parent_single,509
SINGLE-0510,Single Parent Child 0510,parent_single,510
SINGLE-0511,Single Parent Child 0511,parent_single,511
SINGLE-0512,Single Parent Child 0512,parent_single,512
SINGLE-0513,Single Parent Child 0513,parent_single,513
SINGLE-0514,Single Parent Child 0514,parent_single,514
SINGLE-0515,Single Parent Child 0515,parent_single,515
SINGLE-0516,Single Parent Child 0516,parent_single,516
SINGLE-0517,Single Parent Child 0517,parent_single,517
SINGLE-0518,Single Parent Child 0518,parent_single,518
SINGLE-0519,Single Parent Child 0519,parent_single,519
SINGLE-0520,Single Parent Child 0520,parent_single,520
SINGLE-0521,Single Parent Child 0521,parent_single,521
SINGLE-0522,Single Parent Child 0522,parent_single,522
SINGLE-0523,Single Parent Child 0523,parent_single,523
SINGLE-0524,Single Parent Child 0524,parent_single,524
SINGLE-0525,Single Parent Child 0525,parent_single,525
SINGLE-0526,Single Parent Child 0526,parent_single,526
SINGLE-0527,Single Parent Child 0527,parent_single,527
SINGLE-0528,Single Parent Child 0528,parent_single,528
SINGLE-0529,Single Parent Child 0529,parent_single,529
SINGLE-0530,Single Parent Child 0530,parent_single,530
SINGLE-0531,Single Parent Child 0531,parent_single,531
SINGLE-0532,Single Parent Child 0532,parent_single,532
SINGLE-0533,Single Parent Child 0533,parent_single,533
SINGLE-0534,Single Parent Child 0534,parent_single,534
SINGLE-0535,Single Parent Child 0535,parent_single,535
SINGLE-0536,Single Parent Child 0536,parent_single,536
SINGLE-0537,Single Parent Child 0537,parent_single,537
SINGLE-0538,Single Parent Child 0538,parent_single,538
SINGLE-0539,Single Parent Child 0539,parent_single,539
SINGLE-0540,Single Parent Child 0540,parent_single,540
SINGLE-0541,Single Parent Child 0541,parent_single,541
SINGLE-0542,Single Parent Child 0542,parent_single,542
SINGLE-0543,Single Parent Child 0543,parent_single,543
SINGLE-0544,Single Parent Child 0544,parent_single,544
SINGLE-0545,Single Parent Child 0545,parent_single,545
SINGLE-0546,Single Parent Child 0546,parent_single,546
SINGLE-0547,Single Parent Child 0547,parent_single,547
SINGLE-0548,Single Parent Child 0548,parent_single,548
SINGLE-0549,Single Parent Child 0549,parent_single,549
SINGLE-0550,Single Parent Child 0550,parent_single,550
SINGLE-0551,Single Parent Child 0551,parent_single,551
SINGLE-0552,Single Parent Child 0552,parent_single,552
SINGLE-0553,Single Parent Child 0553,parent_single,553
SINGLE-0554,Single Parent Child 0554,parent_single,554
SINGLE-0555,Single Parent Child 0555,parent_single,555
SINGLE-0556,Single Parent Child 0556,parent_single,556
SINGLE-0557,Single Parent Child 0557,parent_single,557
SINGLE-0558,Single Parent Child 0558,parent_single,558
SINGLE-0559,Single Parent Child 0559,parent_single,559
SINGLE-0560,Single Parent Child 0560,parent_single,560
SINGLE-0561,Single Parent Child 0561,parent_single,561
SINGLE-0562,Single Parent Child 0562,parent_single,562
SINGLE-0563,Single Parent Child 0563,parent_single,563
SINGLE-0564,Single Parent Child 0564,parent_single,564
SINGLE-0565,Single Parent Child 0565,parent_single,565
SINGLE-0566,Single Parent Child 0566,parent_single,566
SINGLE-0567,Single Parent Child 0567,parent_single,567
SINGLE-0568,Single Parent Child 0568,parent_single,568
SINGLE-0569,Single Parent Child 0569,parent_single,569
SINGLE-0570,Single Parent Child 0570,parent_single,570
SINGLE-0571,Single Parent Child 0571,parent_single,571
SINGLE-0572,Single Parent Child 0572,parent_single,572
SINGLE-0573,Single Parent Child 0573,parent_single,573
SINGLE-0574,Single Parent Child 0574,parent_single,574
SINGLE-0575,Single Parent Child 0575,parent_single,575
SINGLE-0576,Single Parent Child 0576,parent_single,576
SINGLE-0577,Single Parent Child 0577,parent_single,577
SINGLE-0578,Single Parent Child 0578,parent_single,578
SINGLE-0579,Single Parent Child 0579,parent_single,579
SINGLE-0580,Single Parent Child 0580,parent_single,580
SINGLE-0581,Single Parent Child 0581,parent_single,581
SINGLE-0582,Single Parent Child 0582,parent_single,582
SINGLE-0583,Single Parent Child 0583,parent_single,583
SINGLE-0584,Single Parent Child 0584,parent_single,584
SINGLE-0585,Single Parent Child 0585,parent_single,585
SINGLE-0586,Single Parent Child 0586,parent_single,586
SINGLE-0587,Single Parent Child 0587,parent_single,587
SINGLE-0588,Single Parent Child 0588,parent_single,588
SINGLE-0589,Single Parent Child 0589,parent_single,589
SINGLE-0590,Single Parent Child 0590,parent_single,590
SINGLE-0591,Single Parent Child 0591,parent_single,591
SINGLE-0592,Single Parent Child 0592,parent_single,592
SINGLE-0593,Single Parent Child 0593,parent_single,593
SINGLE-0594,Single Parent Child 0594,parent_single,594
SINGLE-0595,Single Parent Child 0595,parent_single,595
SINGLE-0596,Single Parent Child 0596,parent_single,596
SINGLE-0597,Single Parent Child 0597,parent_single,597
SINGLE-0598,Single Parent Child 0598,parent_single,598
SINGLE-0599,Single Parent Child 0599,parent_single,599
SINGLE-0600,Single Parent Child 0600,parent_single,600
SINGLE-0601,Single Parent Child 0601,parent_single,601
SINGLE-0602,Single Parent Child 0602,parent_single,602
SINGLE-0603,Single Parent Child 0603,parent_single,603
SINGLE-0604,Single Parent Child 0604,parent_single,604
SINGLE-0605,Single Parent Child 0605,parent_single,605
SINGLE-0606,Single Parent Child 0606,parent_single,606
SINGLE-0607,Single Parent Child 0607,parent_single,607
SINGLE-0608,Single Parent Child 0608,parent_single,608
SINGLE-0609,Single Parent Child 0609,parent_single,609
SINGLE-0610,Single Parent Child 0610,parent_single,610
SINGLE-0611,Single Parent Child 0611,parent_single,611
SINGLE-0612,Single Parent Child 0612,parent_single,612
SINGLE-0613,Single Parent Child 0613,parent_single,613
SINGLE-0614,Single Parent Child 0614,parent_single,614
SINGLE-0615,Single Parent Child 0615,parent_single,615
SINGLE-0616,Single Parent Child 0616,parent_single,616
SINGLE-0617,Single Parent Child 0617,parent_single,617
SINGLE-0618,Single Parent Child 0618,parent_single,618
SINGLE-0619,Single Parent Child 0619,parent_single,619
SINGLE-0620,Single Parent Child 0620,parent_single,620
SINGLE-0621,Single Parent Child 0621,parent_single,621
SINGLE-0622,Single Parent Child 0622,parent_single,622
SINGLE-0623,Single Parent Child 0623,parent_single,623
SINGLE-0624,Single Parent Child 0624,parent_single,624
SINGLE-0625,Single Parent Child 0625,parent_single,625
SINGLE-0626,Single Parent Child 0626,parent_single,626
SINGLE-0627,Single Parent Child 0627,parent_single,627
SINGLE-0628,Single Parent Child 0628,parent_single,628
SINGLE-0629,Single Parent Child 0629,parent_single,629
SINGLE-0630,Single Parent Child 0630,parent_single,630
SINGLE-0631,Single Parent Child 0631,parent_single,631
SINGLE-0632,Single Parent Child 0632,parent_single,632
SINGLE-0633,Single Parent Child 0633,parent_single,633
SINGLE-0634,Single Parent Child 0634,parent_single,634
SINGLE-0635,Single Parent Child 0635,parent_single,635
SINGLE-0636,Single Parent Child 0636,parent_single,636
SINGLE-0637,Single Parent Child 0637,parent_single,637
SINGLE-0638,Single Parent Child 0638,parent_single,638
SINGLE-0639,Single Parent Child 0639,parent_single,639
SINGLE-0640,Single Parent Child 0640,parent_single,640
SINGLE-0641,Single Parent Child 0641,parent_single,641
SINGLE-0642,Single Parent Child 0642,parent_single,642
SINGLE-0643,Single Parent Child 0643,parent_single,643
SINGLE-0644,Single Parent Child 0644,parent_single,644
SINGLE-0645,Single Parent Child 0645,parent_single,645
SINGLE-0646,Single Parent Child 0646,parent_single,646
SINGLE-0647,Single Parent Child 0647,parent_single,647
SINGLE-0648,Single Parent Child 0648,parent_single,648
SINGLE-0649,Single Parent Child 0649,parent_single,649
SINGLE-0650,Single Parent Child 0650,parent_single,650
SINGLE-0651,Single Parent Child 0651,parent_single,651
SINGLE-0652,Single Parent Child 0652,parent_single,652
SINGLE-0653,Single Parent Child 0653,parent_single,653
SINGLE-0654,Single Parent Child 0654,parent_single,654
SINGLE-0655,Single Parent Child 0655,parent_single,655
SINGLE-0656,Single Parent Child 0656,parent_single,656
SINGLE-0657,Single Parent Child 0657,parent_single,657
SINGLE-0658,Single Parent Child 0658,parent_single,658
SINGLE-0659,Single Parent Child 0659,parent_single,659
SINGLE-0660,Single Parent Child 0660,parent_single,660
SINGLE-0661,Single Parent Child 0661,parent_single,661
SINGLE-0662,Single Parent Child 0662,parent_single,662
SINGLE-0663,Single Parent Child 0663,parent_single,663
SINGLE-0664,Single Parent Child 0664,parent_single,664
SINGLE-0665,Single Parent Child 0665,parent_single,665
SINGLE-0666,Single Parent Child 0666,parent_single,666
SINGLE-0667,Single Parent Child 0667,parent_single,667
SINGLE-0668,Single Parent Child 0668,parent_single,668
SINGLE-0669,Single Parent Child 0669,parent_single,669
SINGLE-0670,Single Parent Child 0670,parent_single,670
SINGLE-0671,Single Parent Child 0671,parent_single,671
SINGLE-0672,Single Parent Child 0672,parent_single,672
SINGLE-0673,Single Parent Child 0673,parent_single,673
SINGLE-0674,Single Parent Child 0674,parent_single,674
SINGLE-0675,Single Parent Child 0675,parent_single,675
SINGLE-0676,Single Parent Child 0676,parent_single,676
SINGLE-0677,Single Parent Child 0677,parent_single,677
SINGLE-0678,Single Parent Child 0678,parent_single,678
SINGLE-0679,Single Parent Child 0679,parent_single,679
SINGLE-0680,Single Parent Child 0680,parent_single,680
SINGLE-0681,Single Parent Child 0681,parent_single,681
SINGLE-0682,Single Parent Child 0682,parent_single,682
SINGLE-0683,Single Parent Child 0683,parent_single,683
SINGLE-0684,Single Parent Child 0684,parent_single,684
SINGLE-0685,Single Parent Child 0685,parent_single,685
SINGLE-0686,Single Parent Child 0686,parent_single,686
SINGLE-0687,Single Parent Child 0687,parent_single,687
SINGLE-0688,Single Parent Child 0688,parent_single,688
SINGLE-0689,Single Parent Child 0689,parent_single,689
SINGLE-0690,Single Parent Child 0690,parent_single,690
SINGLE-0691,Single Parent Child 0691,parent_single,691
SINGLE-0692,Single Parent Child 0692,parent_single,692
SINGLE-0693,Single Parent Child 0693,parent_single,693
SINGLE-0694,Single Parent Child 0694,parent_single,694
SINGLE-0695,Single Parent Child 0695,parent_single,695
SINGLE-0696,Single Parent Child 0696,parent_single,696
SINGLE-0697,Single Parent Child 0697,parent_single,697
SINGLE-0698,Single Parent Child 0698,parent_single,698
SINGLE-0699,Single Parent Child 0699,parent_single,699
SINGLE-0700,Single Parent Child 0700,parent_single,700
SINGLE-0701,Single Parent Child 0701,parent_single,701
SINGLE-0702,Single Parent Child 0702,parent_single,702
SINGLE-0703,Single Parent Child 0703,parent_single,703
SINGLE-0704,Single Parent Child 0704,parent_single,704
SINGLE-0705,Single Parent Child 0705,parent_single,705
SINGLE-0706,Single Parent Child 0706,parent_single,706
SINGLE-0707,Single Parent Child 0707,parent_single,707
SINGLE-0708,Single Parent Child 0708,parent_single,708
SINGLE-0709,Single Parent Child 0709,parent_single,709
SINGLE-0710,Single Parent Child 0710,parent_single,710
SINGLE-0711,Single Parent Child 0711,parent_single,711
SINGLE-0712,Single Parent Child 0712,parent_single,712
SINGLE-0713,Single Parent Child 0713,parent_single,713
SINGLE-0714,Single Parent Child 0714,parent_single,714
SINGLE-0715,Single Parent Child 0715,parent_single,715
SINGLE-0716,Single Parent Child 0716,parent_single,716
SINGLE-0717,Single Parent Child 0717,parent_single,717
SINGLE-0718,Single Parent Child 0718,parent_single,718
SINGLE-0719,Single Parent Child 0719,parent_single,719
SINGLE-0720,Single Parent Child 0720,parent_single,720
SINGLE-0721,Single Parent Child 0721,parent_single,721
SINGLE-0722,Single Parent Child 0722,parent_single,722
SINGLE-0723,Single Parent Child 0723,parent_single,723
SINGLE-0724,Single Parent Child 0724,parent_single,724
SINGLE-0725,Single Parent Child 0725,parent_single,725
SINGLE-0726,Single Parent Child 0726,parent_single,726
SINGLE-0727,Single Parent Child 0727,parent_single,727
SINGLE-0728,Single Parent Child 0728,parent_single,728
SINGLE-0729,Single Parent Child 0729,parent_single,729
SINGLE-0730,Single Parent Child 0730,parent_single,730
SINGLE-0731,Single Parent Child 0731,parent_single,731
SINGLE-0732,Single Parent Child 0732,parent_single,732
SINGLE-0733,Single Parent Child 0733,parent_single,733
SINGLE-0734,Single Parent Child 0734,parent_single,734
SINGLE-0735,Single Parent Child 0735,parent_single,735
SINGLE-0736,Single Parent Child 0736,parent_single,736
SINGLE-0737,Single Parent Child 0737,parent_single,737
SINGLE-0738,Single Parent Child 0738,parent_single,738
SINGLE-0739,Single Parent Child 0739,parent_single,739
SINGLE-0740,Single Parent Child 0740,parent_single,740
SINGLE-0741,Single Parent Child 0741,parent_single,741
SINGLE-0742,Single Parent Child 0742,parent_single,742
SINGLE-0743,Single Parent Child 0743,parent_single,743
SINGLE-0744,Single Parent Child 0744,parent_single,744
SINGLE-0745,Single Parent Child 0745,parent_single,745
SINGLE-0746,Single Parent Child 0746,parent_single,746
SINGLE-0747,Single Parent Child 0747,parent_single,747
SINGLE-0748,Single Parent Child 0748,parent_single,748
SINGLE-0749,Single Parent Child 0749,parent_single,749
SINGLE-0750,Single Parent Child 0750,parent_single,750
SINGLE-0751,Single Parent Child 0751,parent_single,751
SINGLE-0752,Single Parent Child 0752,parent_single,752
SINGLE-0753,Single Parent Child 0753,parent_single,753
SINGLE-0754,Single Parent Child 0754,parent_single,754
SINGLE-0755,Single Parent Child 0755,parent_single,755
SINGLE-0756,Single Parent Child 0756,parent_single,756
SINGLE-0757,Single Parent Child 0757,parent_single,757
SINGLE-0758,Single Parent Child 0758,parent_single,758
SINGLE-0759,Single Parent Child 0759,parent_single,759
SINGLE-0760,Single Parent Child 0760,parent_single,760
SINGLE-0761,Single Parent Child 0761,parent_single,761
SINGLE-0762,Single Parent Child 0762,parent_single,762
SINGLE-0763,Single Parent Child 0763,parent_single,763
SINGLE-0764,Single Parent Child 0764,parent_single,764
SINGLE-0765,Single Parent Child 0765,parent_single,765
SINGLE-0766,Single Parent Child 0766,parent_single,766
SINGLE-0767,Single Parent Child 0767,parent_single,767
SINGLE-0768,Single Parent Child 0768,parent_single,768
SINGLE-0769,Single Parent Child 0769,parent_single,769
SINGLE-0770,Single Parent Child 0770,parent_single,770
SINGLE-0771,Single Parent Child 0771,parent_single,771
SINGLE-0772,Single Parent Child 0772,parent_single,772
SINGLE-0773,Single Parent Child 0773,parent_single,773
SINGLE-0774,Single Parent Child 0774,parent_single,774
SINGLE-0775,Single Parent Child 0775,parent_single,775
SINGLE-0776,Single Parent Child 0776,parent_single,776
SINGLE-0777,Single Parent Child 0777,parent_single,777
SINGLE-0778,Single Parent Child 0778,parent_single,778
SINGLE-0779,Single Parent Child 0779,parent_single,779
SINGLE-0780,Single Parent Child 0780,parent_single,780
SINGLE-0781,Single Parent Child 0781,parent_single,781
SINGLE-0782,Single Parent Child 0782,parent_single,782
SINGLE-0783,Single Parent Child 0783,parent_single,783
SINGLE-0784,Single Parent Child 0784,parent_single,784
SINGLE-0785,Single Parent Child 0785,parent_single,785
SINGLE-0786,Single Parent Child 0786,parent_single,786
SINGLE-0787,Single Parent Child 0787,parent_single,787
SINGLE-0788,Single Parent Child 0788,parent_single,788
SINGLE-0789,Single Parent Child 0789,parent_single,789
SINGLE-0790,Single Parent Child 0790,parent_single,790
SINGLE-0791,Single Parent Child 0791,parent_single,791
SINGLE-0792,Single Parent Child 0792,parent_single,792
SINGLE-0793,Single Parent Child 0793,parent_single,793
SINGLE-0794,Single Parent Child 0794,parent_single,794
SINGLE-0795,Single Parent Child 0795,parent_single,795
SINGLE-0796,Single Parent Child 0796,parent_single,796
SINGLE-0797,Single Parent Child 0797,parent_single,797
SINGLE-0798,Single Parent Child 0798,parent_single,798
SINGLE-0799,Single Parent Child 0799,parent_single,799
SINGLE-0800,Single Parent Child 0800,parent_single,800
SINGLE-0801,Single Parent Child 0801,parent_single,801
SINGLE-0802,Single Parent Child 0802,parent_single,802
SINGLE-0803,Single Parent Child 0803,parent_single,803
SINGLE-0804,Single Parent Child 0804,parent_single,804
SINGLE-0805,Single Parent Child 0805,parent_single,805
SINGLE-0806,Single Parent Child 0806,parent_single,806
SINGLE-0807,Single Parent Child 0807,parent_single,807
SINGLE-0808,Single Parent Child 0808,parent_single,808
SINGLE-0809,Single Parent Child 0809,parent_single,809
SINGLE-0810,Single Parent Child 0810,parent_single,810
SINGLE-0811,Single Parent Child 0811,parent_single,811
SINGLE-0812,Single Parent Child 0812,parent_single,812
SINGLE-0813,Single Parent Child 0813,parent_single,813
SINGLE-0814,Single Parent Child 0814,parent_single,814
SINGLE-0815,Single Parent Child 0815,parent_single,815
SINGLE-0816,Single Parent Child 0816,parent_single,816
SINGLE-0817,Single Parent Child 0817,parent_single,817
SINGLE-0818,Single Parent Child 0818,parent_single,818
SINGLE-0819,Single Parent Child 0819,parent_single,819
SINGLE-0820,Single Parent Child 0820,parent_single,820
SINGLE-0821,Single Parent Child 0821,parent_single,821
SINGLE-0822,Single Parent Child 0822,parent_single,822
SINGLE-0823,Single Parent Child 0823,parent_single,823
SINGLE-0824,Single Parent Child 0824,parent_single,824
SINGLE-0825,Single Parent Child 0825,parent_single,825
SINGLE-0826,Single Parent Child 0826,parent_single,826
SINGLE-0827,Single Parent Child 0827,parent_single,827
SINGLE-0828,Single Parent Child 0828,parent_single,828
SINGLE-0829,Single Parent Child 0829,parent_single,829
SINGLE-0830,Single Parent Child 0830,parent_single,830
SINGLE-0831,Single Parent Child 0831,parent_single,831
SINGLE-0832,Single Parent Child 0832,parent_single,832
SINGLE-0833,Single Parent Child 0833,parent_single,833
SINGLE-0834,Single Parent Child 0834,parent_single,834
SINGLE-0835,Single Parent Child 0835,parent_single,835
SINGLE-0836,Single Parent Child 0836,parent_single,836
SINGLE-0837,Single Parent Child 0837,parent_single,837
SINGLE-0838,Single Parent Child 0838,parent_single,838
SINGLE-0839,Single Parent Child 0839,parent_single,839
SINGLE-0840,Single Parent Child 0840,parent_single,840
SINGLE-0841,Single Parent Child 0841,parent_single,841
SINGLE-0842,Single Parent Child 0842,parent_single,842
SINGLE-0843,Single Parent Child 0843,parent_single,843
SINGLE-0844,Single Parent Child 0844,parent_single,844
SINGLE-0845,Single Parent Child 0845,parent_single,845
SINGLE-0846,Single Parent Child 0846,parent_single,846
SINGLE-0847,Single Parent Child 0847,parent_single,847
SINGLE-0848,Single Parent Child 0848,parent_single,848
SINGLE-0849,Single Parent Child 0849,parent_single,849
SINGLE-0850,Single Parent Child 0850,parent_single,850
SINGLE-0851,Single Parent Child 0851,parent_single,851
SINGLE-0852,Single Parent Child 0852,parent_single,852
SINGLE-0853,Single Parent Child 0853,parent_single,853
SINGLE-0854,Single Parent Child 0854,parent_single,854
SINGLE-0855,Single Parent Child 0855,parent_single,855
SINGLE-0856,Single Parent Child 0856,parent_single,856
SINGLE-0857,Single Parent Child 0857,parent_single,857
SINGLE-0858,Single Parent Child 0858,parent_single,858
SINGLE-0859,Single Parent Child 0859,parent_single,859
SINGLE-0860,Single Parent Child 0860,parent_single,860
SINGLE-0861,Single Parent Child 0861,parent_single,861
SINGLE-0862,Single Parent Child 0862,parent_single,862
SINGLE-0863,Single Parent Child 0863,parent_single,863
SINGLE-0864,Single Parent Child 0864,parent_single,864
SINGLE-0865,Single Parent Child 0865,parent_single,865
SINGLE-0866,Single Parent Child 0866,parent_single,866
SINGLE-0867,Single Parent Child 0867,parent_single,867
SINGLE-0868,Single Parent Child 0868,parent_single,868
SINGLE-0869,Single Parent Child 0869,parent_single,869
SINGLE-0870,Single Parent Child 0870,parent_single,870
SINGLE-0871,Single Parent Child 0871,parent_single,871
SINGLE-0872,Single Parent Child 0872,parent_single,872
SINGLE-0873,Single Parent Child 0873,parent_single,873
SINGLE-0874,Single Parent Child 0874,parent_single,874
SINGLE-0875,Single Parent Child 0875,parent_single,875
SINGLE-0876,Single Parent Child 0876,parent_single,876
SINGLE-0877,Single Parent Child 0877,parent_single,877
SINGLE-0878,Single Parent Child 0878,parent_single,878
SINGLE-0879,Single Parent Child 0879,parent_single,879
SINGLE-0880,Single Parent Child 0880,parent_single,880
SINGLE-0881,Single Parent Child 0881,parent_single,881
SINGLE-0882,Single Parent Child 0882,parent_single,882
SINGLE-0883,Single Parent Child 0883,parent_single,883
SINGLE-0884,Single Parent Child 0884,parent_single,884
SINGLE-0885,Single Parent Child 0885,parent_single,885
SINGLE-0886,Single Parent Child 0886,parent_single,886
SINGLE-0887,Single Parent Child 0887,parent_single,887
SINGLE-0888,Single Parent Child 0888,parent_single,888
SINGLE-0889,Single Parent Child 0889,parent_single,889
SINGLE-0890,Single Parent Child 0890,parent_single,890
SINGLE-0891,Single Parent Child 0891,parent_single,891
SINGLE-0892,Single Parent Child 0892,parent_single,892
SINGLE-0893,Single Parent Child 0893,parent_single,893
SINGLE-0894,Single Parent Child 0894,parent_single,894
SINGLE-0895,Single Parent Child 0895,parent_single,895
SINGLE-0896,Single Parent Child 0896,parent_single,896
SINGLE-0897,Single Parent Child 0897,parent_single,897
SINGLE-0898,Single Parent Child 0898,parent_single,898
SINGLE-0899,Single Parent Child 0899,parent_single,899
SINGLE-0900,Single Parent Child 0900,parent_single,900
SINGLE-0901,Single Parent Child 0901,parent_single,901
SINGLE-0902,Single Parent Child 0902,parent_single,902
SINGLE-0903,Single Parent Child 0903,parent_single,903
SINGLE-0904,Single Parent Child 0904,parent_single,904
SINGLE-0905,Single Parent Child 0905,parent_single,905
SINGLE-0906,Single Parent Child 0906,parent_single,906
SINGLE-0907,Single Parent Child 0907,parent_single,907
SINGLE-0908,Single Parent Child 0908,parent_single,908
SINGLE-0909,Single Parent Child 0909,parent_single,909
SINGLE-0910,Single Parent Child 0910,parent_single,910
SINGLE-0911,Single Parent Child 0911,parent_single,911
SINGLE-0912,Single Parent Child 0912,parent_single,912
SINGLE-0913,Single Parent Child 0913,parent_single,913
SINGLE-0914,Single Parent Child 0914,parent_single,914
SINGLE-0915,Single Parent Child 0915,parent_single,915
SINGLE-0916,Single Parent Child 0916,parent_single,916
SINGLE-0917,Single Parent Child 0917,parent_single,917
SINGLE-0918,Single Parent Child 0918,parent_single,918
SINGLE-0919,Single Parent Child 0919,parent_single,919
SINGLE-0920,Single Parent Child 0920,parent_single,920
SINGLE-0921,Single Parent Child 0921,parent_single,921
SINGLE-0922,Single Parent Child 0922,parent_single,922
SINGLE-0923,Single Parent Child 0923,parent_single,923
SINGLE-0924,Single Parent Child 0924,parent_single,924
SINGLE-0925,Single Parent Child 0925,parent_single,925
SINGLE-0926,Single Parent Child 0926,parent_single,926
SINGLE-0927,Single Parent Child 0927,parent_single,927
SINGLE-0928,Single Parent Child 0928,parent_single,928
SINGLE-0929,Single Parent Child 0929,parent_single,929
SINGLE-0930,Single Parent Child 0930,parent_single,930
SINGLE-0931,Single Parent Child 0931,parent_single,931
SINGLE-0932,Single Parent Child 0932,parent_single,932
SINGLE-0933,Single Parent Child 0933,parent_single,933
SINGLE-0934,Single Parent Child 0934,parent_single,934
SINGLE-0935,Single Parent Child 0935,parent_single,935
SINGLE-0936,Single Parent Child 0936,parent_single,936
SINGLE-0937,Single Parent Child 0937,parent_single,937
SINGLE-0938,Single Parent Child 0938,parent_single,938
SINGLE-0939,Single Parent Child 0939,parent_single,939
SINGLE-0940,Single Parent Child 0940,parent_single,940
SINGLE-0941,Single Parent Child 0941,parent_single,941
SINGLE-0942,Single Parent Child 0942,parent_single,942
SINGLE-0943,Single Parent Child 0943,parent_single,943
SINGLE-0944,Single Parent Child 0944,parent_single,944
SINGLE-0945,Single Parent Child 0945,parent_single,945
SINGLE-0946,Single Parent Child 0946,parent_single,946
SINGLE-0947,Single Parent Child 0947,parent_single,947
SINGLE-0948,Single Parent Child 0948,parent_single,948
SINGLE-0949,Single Parent Child 0949,parent_single,949
SINGLE-0950,Single Parent Child 0950,parent_single,950
SINGLE-0951,Single Parent Child 0951,parent_single,951
SINGLE-0952,Single Parent Child 0952,parent_single,952
SINGLE-0953,Single Parent Child 0953,parent_single,953
SINGLE-0954,Single Parent Child 0954,parent_single,954
SINGLE-0955,Single Parent Child 0955,parent_single,955
SINGLE-0956,Single Parent Child 0956,parent_single,956
SINGLE-0957,Single Parent Child 0957,parent_single,957
SINGLE-0958,Single Parent Child 0958,parent_single,958
SINGLE-0959,Single Parent Child 0959,parent_single,959
SINGLE-0960,Single Parent Child 0960,parent_single,960
SINGLE-0961,Single Parent Child 0961,parent_single,961
SINGLE-0962,Single Parent Child 0962,parent_single,962
SINGLE-0963,Single Parent Child 0963,parent_single,963
SINGLE-0964,Single Parent Child 0964,parent_single,964
SINGLE-0965,Single Parent Child 0965,parent_single,965
SINGLE-0966,Single Parent Child 0966,parent_single,966
SINGLE-0967,Single Parent Child 0967,parent_single,967
SINGLE-0968,Single Parent Child 0968,parent_single,968
SINGLE-0969,Single Parent Child 0969,parent_single,969
SINGLE-0970,Single Parent Child 0970,parent_single,970
SINGLE-0971,Single Parent Child 0971,parent_single,971
SINGLE-0972,Single Parent Child 0972,parent_single,972
SINGLE-0973,Single Parent Child 0973,parent_single,973
SINGLE-0974,Single Parent Child 0974,parent_single,974
SINGLE-0975,Single Parent Child 0975,parent_single,975
SINGLE-0976,Single Parent Child 0976,parent_single,976
SINGLE-0977,Single Parent Child 0977,parent_single,977
SINGLE-0978,Single Parent Child 0978,parent_single,978
SINGLE-0979,Single Parent Child 0979,parent_single,979
SINGLE-0980,Single Parent Child 0980,parent_single,980
SINGLE-0981,Single Parent Child 0981,parent_single,981
SINGLE-0982,Single Parent Child 0982,parent_single,982
SINGLE-0983,Single Parent Child 0983,parent_single,983
SINGLE-0984,Single Parent Child 0984,parent_single,984
SINGLE-0985,Single Parent Child 0985,parent_single,985
SINGLE-0986,Single Parent Child 0986,parent_single,986
SINGLE-0987,Single Parent Child 0987,parent_single,987
SINGLE-0988,Single Parent Child 0988,parent_single,988
SINGLE-0989,Single Parent Child 0989,parent_single,989
SINGLE-0990,Single Parent Child 0990,parent_single,990
SINGLE-0991,Single Parent Child 0991,parent_single,991
SINGLE-0992,Single Parent Child 0992,parent_single,992
SINGLE-0993,Single Parent Child 0993,parent_single,993
SINGLE-0994,Single Parent Child 0994,parent_single,994
SINGLE-0995,Single Parent Child 0995,parent_single,995
SINGLE-0996,Single Parent Child 0996,parent_single,996
SINGLE-0997,Single Parent Child 0997,parent_single,997
SINGLE-0998,Single Parent Child 0998,parent_single,998
SINGLE-0999,Single Parent Child 0999,parent_single,999
SINGLE-1000,Single Parent Child 1000,parent_single,1000
